Date,Open,High,Low,Close,Volume
2015-01-05,29.92,30.73,30.0,30.73,25035
2015-01-06,30.32,30.45,30.0,30.45,15100
2015-01-07,30.28,30.5,30.3,30.5,8000
2015-01-08,30.38,31.05,31.05,31.05,2000
2015-01-09,31.05,35.88,31.0,35.88,193620
2015-01-12,33.35,39.5,34.8,36.0,192080
2015-01-13,36.06,36.2,35.11,36.1,6631
2015-01-14,35.78,37.8,35.15,37.8,41573
2015-01-15,36.21,37.65,36.8,37.3,38250
2015-01-16,37.21,38.0,37.1,38.0,24767
2015-01-19,37.43,39.8,38.0,39.7,59095
2015-01-20,39.04,41.5,39.0,40.64,160134
2015-01-21,40.45,40.5,38.75,39.0,74388
2015-01-22,39.2,39.2,38.0,38.88,41228
2015-01-23,38.56,38.8,37.24,38.0,25542
2015-01-26,37.6,39.0,38.45,39.0,17150
2015-01-27,38.63,39.18,39.0,39.18,6250
2015-01-28,39.01,39.19,38.3,38.95,26060
2015-01-29,38.63,39.0,37.34,39.0,13597
2015-01-30,37.96,39.1,38.5,39.1,9030
2015-02-02,38.78,39.35,37.5,39.2,62143
2015-02-03,39.06,0.0,0.0,0.0,0
2015-02-04,39.06,39.14,39.14,39.14,50
2015-02-05,39.14,39.0,37.5,39.0,26547
2015-02-06,37.88,0.0,0.0,0.0,0
2015-02-09,37.88,39.0,37.61,38.89,4453
2015-02-10,38.41,38.95,37.51,38.95,4100
2015-02-11,37.9,39.17,37.8,38.5,38262
2015-02-12,38.41,38.99,38.2,38.5,18700
2015-02-13,38.62,38.88,38.1,38.88,19050
2015-02-24,38.5,39.99,38.88,39.8,73495
2015-02-25,39.22,39.8,39.11,39.5,101000
2015-02-26,39.51,42.0,39.11,41.5,111084
2015-03-02,40.33,44.8,41.5,44.8,285781
2015-03-03,42.94,44.8,42.9,43.75,92000
2015-03-04,43.66,47.15,43.5,46.66,300809
2015-03-05,45.47,49.48,46.61,49.2,259312
2015-03-06,47.94,53.1,48.77,52.62,239555
2015-03-09,51.84,58.29,52.3,57.75,326070
2015-03-10,56.36,59.2,56.3,56.8,215939
2015-03-11,57.53,57.2,53.5,53.5,150463
2015-03-12,55.08,54.0,52.8,53.79,86129
2015-03-13,53.43,56.84,53.8,54.81,126914
2015-03-16,55.48,56.7,55.3,55.5,45249
2015-03-17,55.95,56.0,54.8,56.0,3050
2015-03-18,55.21,56.0,54.66,55.6,72166
2015-03-19,55.27,56.0,54.3,55.0,33320
2015-03-20,54.76,55.1,53.7,54.0,51276
2015-03-23,54.45,54.2,53.2,53.5,16775
2015-03-24,53.47,53.5,52.55,53.0,18711
2015-03-25,53.04,53.0,48.0,50.15,76513
2015-03-26,50.36,50.0,47.69,49.5,160855
2015-03-27,48.55,49.9,49.0,49.77,43031
2015-03-30,49.53,49.88,49.31,49.7,26050
2015-03-31,49.57,49.9,49.3,49.9,10000
2015-04-01,49.54,53.68,49.4,53.0,94511
2015-04-02,51.66,56.3,51.5,52.0,219933
2015-04-07,54.19,52.5,51.3,52.0,25305
2015-04-08,52.06,53.3,51.72,53.3,21200
2015-04-09,52.65,55.26,53.0,54.0,74000
2015-04-10,53.96,54.94,53.0,53.39,87100
2015-04-13,53.75,54.95,53.5,54.0,94500
2015-04-14,53.88,54.2,52.6,52.9,84400
2015-04-15,53.17,53.5,52.5,52.9,44311
2015-04-16,53.01,52.99,50.8,51.0,78300
2015-04-17,52.2,51.8,50.55,50.8,34000
2015-04-20,51.19,52.97,51.5,51.72,36400
2015-04-21,51.97,55.0,52.5,55.0,218200
2015-04-22,53.75,54.0,52.31,53.2,189000
2015-04-23,52.88,54.88,52.61,52.84,37662
2015-04-24,53.33,53.5,52.82,52.86,26100
2015-04-27,53.01,57.05,54.2,56.3,110100
2015-04-28,55.66,55.3,54.53,54.7,80200
2015-04-29,54.96,54.8,53.81,54.4,29223
2015-04-30,54.33,54.8,54.0,54.01,38000
2015-05-04,54.36,54.2,52.71,53.0,53000
2015-05-05,53.13,53.0,52.8,52.8,7423
2015-05-06,52.84,54.2,52.8,54.2,52220
2015-05-07,53.34,54.0,53.4,54.0,14000
2015-05-08,53.69,53.5,52.5,52.5,32522
2015-05-11,52.96,53.5,52.3,52.33,30100
2015-05-12,52.62,52.31,51.0,51.9,53120
2015-05-13,51.65,51.5,50.52,51.0,42100
2015-05-14,51.06,51.88,50.9,51.4,112345
2015-05-15,51.29,51.5,50.5,51.2,102983
2015-05-18,50.97,54.0,51.2,52.7,100400
2015-05-19,52.67,53.0,52.51,52.7,23035
2015-05-20,52.65,52.6,51.5,52.0,36000
2015-05-21,52.21,51.9,51.21,51.9,54700
2015-05-22,51.6,53.5,52.1,53.5,97150
2015-05-25,52.98,54.6,52.8,54.4,86400
2015-05-26,53.97,55.05,53.5,53.8,70255
2015-05-27,54.08,54.28,53.8,54.19,47300
2015-05-28,53.97,54.54,54.0,54.39,49000
2015-05-29,54.17,59.5,55.0,59.1,496957
2015-06-01,57.97,61.99,59.0,59.88,287690
2015-06-02,60.05,59.88,57.72,57.73,72050
2015-06-03,58.89,58.4,56.81,56.81,54002
2015-06-04,57.33,57.44,56.51,56.75,54016
2015-06-05,56.95,59.5,56.5,58.3,129500
2015-06-08,58.5,62.0,58.7,60.2,234150
2015-06-09,59.58,58.7,56.55,56.55,170400
2015-06-10,57.52,58.28,57.5,58.0,23000
2015-06-11,57.74,58.5,57.5,58.2,65444
2015-06-12,58.05,58.8,58.15,58.35,77000
2015-06-15,58.39,58.7,58.0,58.0,56000
2015-06-16,58.5,58.0,57.51,57.8,14000
2015-06-17,57.81,58.88,58.0,58.0,103000
2015-06-18,58.19,58.45,57.81,58.1,51150
2015-06-22,58.14,58.79,57.6,58.0,51537
2015-06-23,58.38,59.0,57.26,58.2,145664
2015-06-24,58.26,62.5,58.29,61.5,455290
2015-06-25,60.16,67.0,62.12,67.0,543654
2015-06-26,64.7,69.0,64.7,66.1,353957
2015-06-29,65.91,66.29,63.8,66.17,225555
2015-06-30,65.48,65.78,64.5,64.71,129000
2015-07-01,64.94,65.6,64.4,64.9,121055
2015-07-02,65.14,65.23,63.13,64.0,289758
2015-07-03,64.36,64.8,63.6,64.0,117333
2015-07-06,64.18,67.8,64.2,67.1,461054
2015-07-07,66.05,68.99,66.45,68.17,413000
2015-07-08,67.72,68.6,64.63,66.3,244207
2015-07-09,66.24,67.0,63.0,66.1,228511
2015-07-13,65.05,69.0,66.0,69.0,1249198
2015-07-14,66.5,69.9,66.5,66.5,4615028
2015-07-15,65.8,68.7,65.3,68.5,2696563
2015-07-16,68.3,78.0,68.2,75.8,3653718
2015-07-17,74.0,75.2,72.6,72.7,1763591
2015-07-20,72.9,74.0,67.7,68.8,1931626
2015-07-21,68.9,71.0,66.0,71.0,1806183
2015-07-22,68.7,71.0,67.5,68.1,1101668
2015-07-23,68.0,69.2,65.3,67.5,874263
2015-07-24,67.5,69.5,65.5,69.5,754522
2015-07-27,68.5,68.5,66.0,66.0,443225
2015-07-28,65.3,66.7,63.0,66.5,778600
2015-07-29,66.7,71.6,66.7,71.1,1927287
2015-07-30,69.5,71.8,68.8,70.0,1361445
2015-07-31,70.0,73.4,69.0,71.2,1520068
2015-08-03,69.7,69.7,64.1,64.4,1614395
2015-08-04,64.0,66.5,63.0,63.5,855550
2015-08-05,64.5,68.0,64.0,68.0,1096883
2015-08-06,68.0,68.0,65.2,65.4,513698
2015-08-07,65.0,68.0,63.9,68.0,767064
2015-08-10,66.4,68.4,66.4,67.2,655619
2015-08-11,67.5,68.1,64.5,64.5,1151624
2015-08-12,64.5,65.5,62.8,63.8,446732
2015-08-13,65.0,65.0,63.1,64.3,627069
2015-08-14,63.8,63.9,59.5,59.5,885148
2015-08-17,59.2,59.2,53.6,53.6,1274342
2015-08-18,50.8,53.4,49.7,51.4,858667
2015-08-19,51.7,51.8,46.3,47.0,1303263
2015-08-20,47.0,48.65,47.0,47.45,797223
2015-08-21,48.05,49.35,46.0,46.1,1295200
2015-08-24,44.0,44.0,41.5,41.5,1001153
2015-08-25,40.0,42.9,38.3,42.3,926630
2015-08-26,41.5,41.6,39.8,40.8,481003
2015-08-27,41.8,43.8,41.7,42.6,805850
2015-08-28,43.6,44.6,42.2,42.65,589000
2015-08-31,42.65,42.9,41.9,42.2,340000
2015-09-01,42.3,46.4,42.3,46.4,950250
2015-09-02,46.0,50.5,46.0,50.0,1666380
2015-09-03,48.7,49.5,47.7,48.6,1052400
2015-09-04,48.0,49.35,46.45,46.5,795050
2015-09-07,45.7,49.4,45.7,48.7,601034
2015-09-08,47.85,48.6,47.5,47.8,447056
2015-09-09,48.75,49.55,48.15,49.4,705000
2015-09-10,47.8,48.8,47.5,48.4,1119000
2015-09-11,48.3,49.85,48.3,49.3,551000
2015-09-14,49.5,49.55,48.2,48.5,413090
2015-09-15,48.35,48.95,48.0,48.3,292100
2015-09-16,48.9,48.9,47.7,47.8,294000
2015-09-17,48.0,52.5,48.0,52.5,1258529
2015-09-18,52.6,56.8,52.0,54.0,1752264
2015-09-21,52.0,54.0,51.5,53.8,730100
2015-09-22,54.3,58.8,54.3,57.6,1251914
2015-09-23,57.0,58.1,56.1,57.2,892150
2015-09-24,58.0,60.5,57.2,59.8,1349601
2015-09-25,59.5,59.6,56.9,58.0,701085
2015-09-30,56.4,58.2,56.4,57.3,504250
2015-10-01,57.8,59.5,57.8,58.6,683100
2015-10-02,58.3,60.8,58.3,59.6,742100
2015-10-05,59.9,60.3,58.3,59.0,620500
2015-10-06,60.0,63.5,59.9,60.5,1734607
2015-10-07,61.0,61.0,59.3,60.6,933180
2015-10-08,61.0,61.1,57.8,58.0,678122
2015-10-12,58.1,58.8,55.0,58.2,601480
2015-10-13,58.0,59.5,57.5,58.3,327000
2015-10-14,57.7,58.7,57.0,57.0,323162
2015-10-15,58.4,58.4,56.3,56.4,330102
2015-10-16,56.5,57.4,56.4,57.0,266000
2015-10-19,57.2,59.2,56.9,58.0,373000
2015-10-20,58.3,59.2,57.0,57.3,309192
2015-10-21,57.0,57.3,56.6,56.8,237052
2015-10-22,56.7,57.3,55.7,55.9,382500
2015-10-23,56.6,56.9,55.6,55.9,335140
2015-10-26,55.6,56.8,55.5,56.3,373150
2015-10-27,57.0,59.5,57.0,58.5,1199385
2015-10-28,57.8,58.4,57.1,57.6,392905
2015-10-29,58.0,59.8,57.7,59.3,987175
2015-10-30,59.2,59.3,57.2,57.8,365085
2015-11-02,58.0,58.2,57.5,57.9,177000
2015-11-03,58.8,60.1,58.5,58.5,745300
2015-11-04,58.8,59.1,58.0,58.3,422200
2015-11-05,58.8,61.5,58.8,60.4,1049110
2015-11-06,59.8,60.5,59.2,59.4,474400
2015-11-09,59.6,60.4,57.5,57.9,388500
2015-11-10,57.9,62.8,57.8,60.7,881900
2015-11-11,60.7,61.0,58.0,58.2,864650
2015-11-12,58.5,59.3,55.0,57.5,858500
2015-11-13,56.4,57.8,56.4,57.0,320140
2015-11-16,56.0,57.7,55.6,56.9,248040
2015-11-17,57.9,58.3,57.1,57.2,458030
2015-11-18,57.6,58.5,56.7,56.7,302000
2015-11-19,57.5,57.5,56.5,56.8,380030
2015-11-20,56.9,57.6,56.7,56.8,223035
2015-11-23,57.0,57.8,56.9,57.1,301100
2015-11-24,57.5,58.1,56.7,56.7,397055
2015-11-25,57.0,57.2,54.3,54.8,378050
2015-11-26,55.1,56.0,54.8,55.3,272230
2015-11-27,55.5,55.6,54.7,55.3,180000
2015-11-30,55.3,55.3,52.7,52.9,316000
2015-12-01,53.5,54.8,53.5,54.2,245000
2015-12-02,54.7,56.7,54.6,55.6,471000
2015-12-03,55.0,56.9,55.0,55.4,331010
2015-12-04,55.1,55.6,54.6,54.8,236000
2015-12-07,55.5,55.5,54.3,54.3,240000
2015-12-08,54.9,55.5,54.0,54.0,213100
2015-12-09,53.1,53.9,50.5,50.5,457500
2015-12-10,51.0,51.6,50.0,51.6,240050
2015-12-11,51.6,52.7,49.5,49.5,278002
2015-12-14,48.0,49.3,48.0,48.1,132184
2015-12-15,48.7,49.25,47.6,48.0,201100
2015-12-16,49.0,49.0,48.1,48.2,161000
2015-12-17,49.0,50.8,48.5,50.0,277358
2015-12-18,49.25,50.8,49.25,49.6,127000
2015-12-21,49.2,50.3,49.2,49.85,117020
2015-12-22,49.85,50.1,49.05,49.05,122000
2015-12-23,49.05,49.2,47.85,48.0,276000
2015-12-24,49.6,51.8,49.5,51.6,567494
2015-12-25,51.6,51.6,50.4,50.8,323100
2015-12-28,50.2,50.8,50.0,50.0,126485
2015-12-29,50.1,50.1,48.65,49.1,177290
2015-12-30,49.4,49.45,48.6,49.2,83000
2015-12-31,48.85,49.2,48.85,49.0,118000
2016-01-04,49.6,49.95,48.95,49.5,144397
2016-01-05,49.1,49.9,49.0,49.2,72000
2016-01-06,49.1,49.55,48.45,48.8,155537
2016-01-07,49.5,49.9,47.5,48.5,293252
2016-01-08,48.4,49.5,48.4,49.4,132000
2016-01-11,48.45,48.7,47.55,48.45,148002
2016-01-12,48.45,48.55,45.05,45.1,402112
2016-01-13,45.45,45.9,45.1,45.25,128500
2016-01-14,44.55,44.85,42.8,44.85,172000
2016-01-15,45.2,45.5,44.0,44.05,106256
2016-01-18,42.9,46.4,42.9,46.4,132150
2016-01-19,46.25,47.3,45.45,47.3,94250
2016-01-20,46.5,46.95,45.5,46.45,110288
2016-01-21,46.4,46.4,45.25,46.3,131000
2016-01-22,47.5,48.7,46.7,46.8,417000
2016-01-25,47.05,47.7,46.8,46.85,156000
2016-01-26,46.2,47.05,46.2,46.25,75000
2016-01-27,46.3,46.95,46.0,46.0,101000
2016-01-28,46.0,46.35,45.7,45.8,91000
2016-01-29,45.6,46.5,45.6,46.0,102000
2016-01-30,46.7,47.4,46.45,47.2,142000
2016-02-01,47.2,48.65,46.9,48.1,243000
2016-02-02,47.85,48.35,47.2,47.45,66200
2016-02-03,47.1,47.55,46.25,47.0,113000
2016-02-15,47.3,49.9,47.3,48.8,255045
2016-02-16,49.5,51.0,49.2,49.7,380100
2016-02-17,50.3,51.2,49.4,50.6,543238
2016-02-18,52.0,52.9,50.9,51.3,661050
2016-02-19,51.3,51.7,50.5,51.1,256010
2016-02-22,51.0,51.9,50.7,51.3,277005
2016-02-23,51.9,52.7,51.5,51.9,452142
2016-02-24,52.0,55.8,51.9,54.4,1491355
2016-02-25,55.3,55.4,53.8,54.2,765550
2016-02-26,54.7,55.5,54.0,54.4,425000
2016-03-01,54.5,56.0,54.0,55.6,522000
2016-03-02,56.0,59.4,55.5,55.5,1387100
2016-03-03,55.7,56.2,54.5,54.5,831030
2016-03-04,55.3,58.3,54.6,57.4,2028202
2016-03-07,58.1,62.0,58.1,60.1,2926478
2016-03-08,60.1,64.6,60.1,63.8,4533049
2016-03-09,64.4,65.3,62.5,62.5,2936531
2016-03-10,63.2,67.3,61.6,66.1,4747600
2016-03-11,65.6,68.2,65.5,66.6,3333159
2016-03-14,67.5,67.9,65.6,65.9,2408780
2016-03-15,66.4,67.2,62.0,62.0,2530847
2016-03-16,62.6,65.5,62.6,64.6,1875756
2016-03-17,65.1,65.9,61.9,62.1,1792771
2016-03-18,62.8,63.3,61.6,62.4,757247
2016-03-21,63.4,65.0,62.6,64.8,1998220
2016-03-22,64.8,64.8,63.2,63.5,1373481
2016-03-23,64.1,64.4,61.8,61.8,1351102
2016-03-24,62.0,63.4,60.8,61.0,1515007
2016-03-25,61.2,61.5,58.1,58.1,1659484
2016-03-28,58.5,59.2,57.2,57.2,912205
2016-03-29,57.5,58.0,54.9,57.2,1321095
2016-03-30,57.7,58.5,57.2,57.4,701050
2016-03-31,58.6,59.2,56.6,59.0,1302200
2016-04-01,58.6,58.7,57.4,57.7,496100
2016-04-06,57.5,57.5,56.2,56.8,350000
2016-04-07,57.0,57.8,56.2,56.3,474010
2016-04-08,56.7,57.2,56.1,56.4,295050
2016-04-11,56.2,56.5,54.0,54.3,761000
2016-04-12,54.6,55.3,52.1,52.1,691000
2016-04-13,52.7,53.5,51.1,53.0,1314200
2016-04-14,53.8,56.9,53.5,56.3,1717200
2016-04-15,56.5,56.8,55.8,55.9,509111
2016-04-18,55.0,55.4,54.4,54.4,375100
2016-04-19,54.6,55.6,54.4,54.5,292001
2016-04-20,54.9,55.0,53.0,53.0,350001
2016-04-21,53.2,53.3,51.8,52.4,417020
2016-04-22,52.7,53.2,51.1,51.2,431000
2016-04-25,51.2,51.2,50.2,50.3,294300
2016-04-26,50.6,51.7,50.5,51.6,368000
2016-04-27,51.9,52.0,51.2,51.2,120000
2016-04-28,51.9,51.9,50.5,50.6,207006
2016-04-29,50.5,50.5,48.6,48.65,620200
2016-05-03,49.2,49.35,48.2,48.2,250000
2016-05-04,48.2,48.7,47.4,47.45,224306
2016-05-05,47.35,49.5,47.3,48.9,403500
2016-05-06,48.9,48.9,47.9,48.0,276000
2016-05-09,48.25,48.25,46.1,46.1,383677
2016-05-10,46.0,47.3,45.65,47.1,234000
2016-05-11,47.3,47.8,46.3,46.5,303000
2016-05-12,46.05,46.6,44.05,44.1,412010
2016-05-13,44.1,45.4,44.0,44.7,252010
2016-05-16,44.7,45.0,44.1,44.9,135000
2016-05-17,45.0,46.85,44.9,46.15,301010
2016-05-18,45.75,46.6,45.4,45.5,142000
2016-05-19,46.2,46.25,45.6,45.7,127000
2016-05-20,45.3,46.3,44.8,45.45,158000
2016-05-23,45.95,47.45,45.65,47.1,355121
2016-05-24,47.1,47.9,47.0,47.0,163000
2016-05-25,47.5,48.65,47.5,48.0,412061
2016-05-26,48.35,49.0,48.1,48.1,241000
2016-05-27,48.5,48.75,47.7,47.7,233010
2016-05-30,48.05,48.05,47.35,47.55,170000
2016-05-31,47.55,50.5,47.55,50.5,1127477
2016-06-01,51.0,52.1,50.7,50.9,865085
2016-06-02,50.5,51.0,49.5,49.5,424934
2016-06-03,49.7,50.0,49.0,49.5,185000
2016-06-04,49.65,51.0,49.65,50.2,263300
2016-06-06,50.5,50.8,49.7,49.7,172060
2016-06-07,50.0,50.6,49.5,49.6,201000
2016-06-08,49.75,50.5,49.35,49.65,168300
2016-06-13,50.5,50.5,49.65,49.7,338100
2016-06-14,50.0,50.1,49.45,49.6,136100
2016-06-15,49.8,49.95,49.25,49.65,208010
2016-06-16,49.9,50.7,49.5,50.6,301290
2016-06-17,51.0,51.7,50.3,50.4,295010
2016-06-20,50.6,51.0,50.2,51.0,273345
2016-06-21,51.3,52.7,50.7,51.8,1105100
2016-06-22,51.8,52.3,51.2,51.2,337000
2016-06-23,51.3,51.3,50.0,50.2,296000
2016-06-24,50.2,50.2,45.95,46.45,872000
2016-06-27,46.1,48.0,46.1,47.8,252000
2016-06-28,47.8,48.3,46.75,48.0,253000
2016-06-29,48.3,49.65,48.3,49.1,509200
2016-06-30,49.6,49.6,48.6,48.7,227000
2016-07-01,49.2,49.2,48.5,48.75,177089
2016-07-04,48.95,49.25,48.75,48.75,151000
2016-07-05,48.8,49.25,48.5,49.15,216000
2016-07-06,48.6,48.85,47.8,48.25,275000
2016-07-07,48.25,48.75,48.25,48.6,155000
2016-07-11,48.75,48.75,47.9,48.1,290000
2016-07-12,48.0,48.3,47.75,47.85,192000
2016-07-13,47.85,49.2,47.85,48.85,211000
2016-07-14,49.05,49.75,49.0,49.7,220200
2016-07-15,50.0,50.0,49.3,49.65,340010
2016-07-18,50.0,50.4,49.9,50.1,332225
2016-07-19,50.4,50.9,50.3,50.9,722010
2016-07-20,51.3,51.4,50.5,50.7,824150
2016-07-21,47.7,47.7,47.05,47.45,538000
2016-07-22,47.4,47.4,47.0,47.05,170000
2016-07-25,47.0,47.05,46.0,46.05,283000
2016-07-26,46.05,46.4,45.8,46.3,137000
2016-07-27,46.4,46.95,46.4,46.45,136373
2016-07-28,46.9,47.0,46.55,46.6,119151
2016-07-29,46.95,46.95,45.8,46.0,121324
2016-08-01,45.85,47.7,45.85,47.6,434602
2016-08-02,47.8,47.95,47.05,47.35,219000
2016-08-03,47.35,48.3,46.8,48.3,388626
2016-08-04,48.9,51.0,48.9,50.6,1749194
2016-08-05,50.6,54.4,50.6,52.4,2038187
2016-08-08,52.5,53.0,51.9,52.4,708800
2016-08-09,52.2,53.4,50.9,51.5,887074
2016-08-10,52.7,54.3,52.6,53.0,2331327
2016-08-11,53.2,53.5,51.0,52.2,1036000
2016-08-12,53.2,55.4,52.4,54.5,2206633
2016-08-15,55.7,57.3,54.5,55.0,3139470
2016-08-16,55.0,56.0,54.5,55.9,1097860
2016-08-17,56.7,57.8,55.3,55.5,1960763
2016-08-18,55.1,55.6,54.6,54.6,969200
2016-08-19,55.1,55.4,54.0,54.0,689213
2016-08-22,54.0,54.0,52.4,52.8,829602
2016-08-23,52.8,54.2,52.8,53.6,566000
2016-08-24,53.6,56.5,53.6,55.3,1518300
2016-08-25,55.1,57.0,55.0,56.0,1000200
2016-08-26,56.6,56.6,54.7,55.0,752190
2016-08-29,55.6,58.7,55.6,57.9,3017038
2016-08-30,57.4,58.5,57.1,58.0,1130660
2016-08-31,58.0,58.5,56.5,56.5,856400
2016-09-01,56.6,56.7,55.5,55.7,478000
2016-09-02,56.0,56.1,53.9,54.2,752100
2016-09-05,54.3,55.7,54.3,55.2,414000
2016-09-06,55.6,55.6,54.4,54.8,415000
2016-09-07,55.5,55.6,54.7,54.8,300000
2016-09-08,55.7,58.4,55.6,58.4,1991244
2016-09-09,57.6,58.7,57.6,57.9,1166000
2016-09-10,56.9,56.9,56.0,56.5,519200
2016-09-12,56.4,57.2,55.6,56.4,445250
2016-09-13,57.3,59.8,56.2,56.3,1860250
2016-09-14,56.3,57.0,54.8,55.9,682200
2016-09-19,56.9,57.4,56.1,56.3,551300
2016-09-20,57.0,57.6,55.8,55.8,605100
2016-09-21,56.4,56.4,55.0,56.1,479100
2016-09-22,56.5,56.9,55.5,55.7,264001
2016-09-23,55.9,56.2,55.2,55.5,351563
2016-09-26,55.4,55.8,54.3,54.4,299100
2016-09-29,54.9,54.9,52.7,53.0,763777
2016-09-30,52.5,53.4,52.2,53.0,331100
2016-10-03,53.5,53.7,52.7,53.0,282100
2016-10-04,52.9,53.2,52.8,52.8,216000
2016-10-05,53.1,53.9,52.9,53.5,424100
2016-10-06,53.7,54.3,53.5,53.8,407320
2016-10-07,54.0,54.0,50.7,50.7,1147300
2016-10-11,50.0,50.0,47.25,47.45,1050162
2016-10-12,47.0,48.6,47.0,48.6,403271
2016-10-13,49.0,49.15,48.05,48.45,225000
2016-10-14,48.4,48.4,47.5,47.6,198056
2016-10-17,47.55,48.25,47.3,48.1,99760
2016-10-18,48.0,48.05,47.7,48.05,85100
2016-10-19,47.9,48.6,47.9,48.45,112000
2016-10-20,48.7,48.7,48.0,48.0,157000
2016-10-21,48.3,48.3,47.6,47.85,126000
2016-10-24,48.3,48.3,47.85,47.85,112000
2016-10-25,48.0,48.2,48.0,48.15,67003
2016-10-26,48.35,48.4,48.15,48.3,97081
2016-10-27,48.15,48.5,48.15,48.15,115110
2016-10-28,48.3,48.3,48.05,48.2,77020
2016-10-31,48.3,48.3,47.6,47.75,126000
2016-11-01,48.0,48.95,47.9,48.45,175003
2016-11-02,48.4,48.4,47.25,47.3,183000
2016-11-03,47.85,47.85,45.9,46.3,265000
2016-11-04,46.0,46.35,45.85,45.9,188000
2016-11-07,46.05,46.7,46.0,46.05,95100
2016-11-08,46.3,46.3,44.6,45.1,274000
2016-11-09,45.15,45.15,43.55,43.55,396000
2016-11-10,43.6,44.3,42.0,43.1,640405
2016-11-11,43.1,43.25,42.05,42.4,206000
2016-11-14,42.15,42.15,40.5,41.1,364000
2016-11-15,41.55,41.85,41.3,41.85,116020
2016-11-16,41.9,42.4,41.9,41.95,147222
2016-11-17,42.3,42.3,41.65,42.25,67030
2016-11-18,42.25,42.55,41.95,42.4,47070
2016-11-21,42.4,42.5,42.05,42.5,74000
2016-11-22,42.65,43.95,42.65,43.45,220000
2016-11-23,43.45,43.65,43.0,43.0,90000
2016-11-24,43.0,43.1,42.6,42.6,52000
2016-11-25,42.1,45.5,42.1,45.3,449099
2016-11-28,45.5,47.3,45.5,46.3,675072
2016-11-29,46.3,47.45,46.2,46.95,401100
2016-11-30,47.0,47.0,46.2,46.35,212000
2016-12-01,46.85,46.85,46.3,46.4,105000
2016-12-02,46.45,46.9,46.15,46.15,114000
2016-12-05,46.1,46.75,46.1,46.4,134000
2016-12-06,46.75,47.1,46.4,47.0,401342
2016-12-07,47.3,47.6,46.6,47.05,257672
2016-12-08,47.4,49.7,47.4,48.4,1179050
2016-12-09,48.6,48.6,47.5,47.7,393038
2016-12-12,47.65,47.65,46.0,46.0,413000
2016-12-13,45.8,46.65,45.8,46.25,222304
2016-12-14,46.6,46.7,46.25,46.5,116000
2016-12-15,46.7,47.1,46.5,46.9,138001
2016-12-16,47.3,48.8,47.3,47.7,468101
2016-12-19,48.5,48.7,47.8,48.2,315030
2016-12-20,48.45,48.45,47.7,47.7,201000
2016-12-21,48.0,48.2,47.8,48.1,134000
2016-12-22,48.1,48.1,46.8,46.8,200000
2016-12-23,47.0,47.45,46.65,46.95,152000
2016-12-26,46.8,47.1,46.3,46.5,132030
2016-12-27,46.5,47.05,46.5,46.8,73000
2016-12-28,46.8,47.6,46.8,47.1,158000
2016-12-29,47.0,47.5,47.0,47.05,84000
2016-12-30,47.05,47.4,47.05,47.2,67050
2017-01-03,47.1,47.55,47.0,47.4,66000
2017-01-04,47.45,48.15,47.35,48.05,221003
2017-01-05,48.5,49.1,48.2,48.85,439052
2017-01-06,49.0,49.05,48.3,48.55,173000
2017-01-09,48.55,48.7,47.2,47.5,156000
2017-01-10,47.55,47.8,47.3,47.55,96000
2017-01-11,47.55,47.55,46.8,46.9,205052
2017-01-12,46.7,47.3,46.5,46.85,84000
2017-01-13,46.85,47.0,46.5,46.6,100005
2017-01-16,46.8,46.8,46.25,46.4,81580
2017-01-17,46.8,46.8,46.35,46.4,52000
2017-01-18,46.2,46.6,46.15,46.6,95094
2017-01-19,46.6,46.6,46.25,46.35,89000
2017-01-20,46.2,46.35,46.0,46.0,158000
2017-01-23,46.05,46.05,45.3,45.4,227001
2017-01-24,45.4,45.8,45.15,45.45,183000
2017-02-02,45.65,45.65,45.2,45.2,48000
2017-02-03,45.4,46.45,45.4,46.2,255000
2017-02-06,46.4,46.8,46.4,46.5,191000
2017-02-07,47.05,47.05,46.15,46.8,93000
2017-02-08,46.75,46.75,46.3,46.45,89000
2017-02-09,46.65,46.65,45.1,45.1,240222
2017-02-10,45.2,45.95,45.2,45.3,171000
2017-02-13,45.3,45.85,45.3,45.55,79000
2017-02-14,46.0,46.4,45.3,45.5,164200
2017-02-15,45.4,46.1,45.4,45.85,136557
2017-02-16,46.2,46.2,45.7,45.7,119500
2017-02-17,46.3,46.3,45.9,46.15,90000
2017-02-18,46.3,47.0,46.2,46.95,198100
2017-02-20,47.5,47.6,46.85,46.85,174056
2017-02-21,47.15,47.15,46.5,46.65,86000
2017-02-22,47.3,47.3,46.4,46.5,179000
2017-02-23,46.2,46.75,46.2,46.3,98450
2017-02-24,46.3,46.5,46.05,46.3,83000
2017-03-01,46.8,46.9,46.3,46.9,180600
2017-03-02,47.65,49.5,47.65,48.4,1750700
2017-03-03,48.4,48.4,47.0,48.1,490493
2017-03-06,48.0,48.55,47.95,48.0,229000
2017-03-07,48.05,48.2,47.55,47.7,142000
2017-03-08,47.7,48.05,47.3,47.8,120000
2017-03-09,47.0,47.0,45.85,45.9,525207
2017-03-10,45.9,45.9,44.4,45.2,428000
2017-03-13,44.15,45.35,44.15,45.2,137100
2017-03-14,45.2,47.4,45.1,46.6,427010
2017-03-15,46.7,47.4,46.4,46.6,246000
2017-03-16,46.2,46.6,45.9,46.0,200000
2017-03-17,46.4,46.4,45.95,45.95,103000
2017-03-20,46.4,46.4,45.6,45.6,173000
2017-03-21,46.6,46.6,45.85,46.0,128000
2017-03-22,45.95,46.5,45.65,46.1,87500
2017-03-23,46.35,46.4,45.7,45.8,142000
2017-03-24,46.8,47.8,46.45,47.5,981450
2017-03-27,47.95,48.7,47.6,47.7,713000
2017-03-28,47.8,47.9,45.75,46.35,440058
2017-03-29,46.45,46.6,46.0,46.35,131000
2017-03-30,47.6,49.15,47.25,48.35,1595650
2017-03-31,48.6,48.9,48.2,48.5,605500
2017-04-05,48.6,48.6,47.75,48.05,373000
2017-04-06,48.3,52.6,48.3,50.7,2947704
2017-04-07,50.7,52.1,49.8,51.3,1589315
2017-04-10,51.5,51.7,49.5,50.5,715140
2017-04-11,52.0,53.5,50.6,50.6,2411452
2017-04-12,55.6,55.6,55.6,55.6,2361882
2017-04-13,61.1,61.1,60.3,61.1,6809921
2017-04-14,61.4,65.0,60.3,60.5,10008027
2017-04-17,62.5,62.8,55.4,57.0,5734156
2017-04-18,58.3,61.2,57.8,59.0,3622851
2017-04-19,58.6,58.6,56.3,56.4,1771815
2017-04-20,57.5,58.7,52.2,53.6,2750300
2017-04-21,55.4,56.2,54.3,55.3,1738450
2017-04-24,55.3,55.3,52.1,52.1,1501373
2017-04-25,53.0,53.1,51.8,52.2,1009500
2017-04-26,52.5,54.9,52.3,53.6,1489600
2017-04-27,54.5,55.0,53.1,53.1,1157262
2017-04-28,53.9,57.3,53.6,55.8,3007090
2017-05-02,55.8,61.3,54.4,61.3,5005848
2017-05-03,66.0,66.5,58.1,59.4,11706112
2017-05-04,59.5,60.2,58.2,58.6,2316080
2017-05-05,58.5,59.6,56.0,56.1,2614099
2017-05-08,57.0,57.0,55.6,55.6,1113000
2017-05-09,55.7,56.5,53.1,53.1,1680270
2017-05-10,53.3,54.6,53.3,53.9,938100
2017-05-11,54.1,54.4,53.2,53.2,704122
2017-05-12,53.2,53.8,52.0,52.9,664160
2017-05-15,52.9,53.6,52.5,52.5,527000
2017-05-16,53.0,54.3,52.5,53.2,817050
2017-05-17,53.2,58.2,53.2,57.6,2685817
2017-05-18,58.0,59.0,55.7,55.8,5038400
2017-05-19,55.8,58.1,55.7,56.5,1565000
2017-05-22,57.2,58.9,57.1,57.4,1734030
2017-05-23,57.4,58.3,55.5,56.3,1164100
2017-05-24,56.6,57.1,55.8,55.9,523200
2017-05-25,56.0,56.3,54.9,55.0,654030
2017-05-26,55.5,56.0,54.1,54.1,495100
2017-05-31,54.4,54.6,53.0,53.0,603100
2017-06-01,53.3,53.7,53.0,53.4,409000
2017-06-02,54.9,56.0,54.4,54.4,1378000
2017-06-03,54.4,55.3,54.4,54.7,418355
2017-06-05,55.2,55.4,54.2,54.2,355050
2017-06-06,54.6,54.6,54.1,54.2,212100
2017-06-07,54.5,54.6,54.1,54.2,271070
2017-06-08,54.2,55.8,54.2,54.5,639300
2017-06-09,55.3,55.9,54.0,54.0,559000
2017-06-12,53.8,53.8,52.8,53.0,332100
2017-06-13,53.3,53.6,52.8,52.8,240000
2017-06-14,53.2,53.4,48.9,48.9,1274150
2017-06-15,48.75,49.3,48.55,49.25,380100
2017-06-16,49.25,50.0,48.9,49.75,308150
2017-06-19,49.9,50.6,49.8,49.9,212009
2017-06-20,50.0,51.0,49.7,49.7,319000
2017-06-21,49.6,49.95,49.5,49.7,159001
2017-06-22,50.1,50.4,49.9,50.0,200050
2017-06-23,50.4,50.4,49.35,49.35,210000
2017-06-26,49.5,50.2,49.15,49.25,188000
2017-06-27,49.35,49.9,49.3,49.55,165000
2017-06-28,49.55,49.55,49.1,49.45,258000
2017-06-29,50.0,50.2,49.35,49.5,207150
2017-06-30,49.5,49.5,48.7,49.2,148000
2017-07-03,49.7,50.0,49.5,49.9,139170
2017-07-04,50.0,50.0,49.5,49.5,108008
2017-07-05,49.5,49.9,49.5,49.8,130000
2017-07-06,49.7,49.9,49.5,49.55,163100
2017-07-07,49.55,49.55,48.6,48.8,307000
2017-07-10,48.9,49.25,48.6,48.6,194127
2017-07-11,48.6,49.1,48.6,48.95,215460
2017-07-12,49.05,49.15,48.95,49.1,491100
2017-07-13,45.65,45.65,45.0,45.15,521003
2017-07-14,45.4,45.65,45.1,45.4,222831
2017-07-17,45.4,45.4,44.8,44.8,248000
2017-07-18,45.0,45.0,44.1,44.1,303000
2017-07-19,44.25,44.6,44.1,44.2,334200
2017-07-20,44.4,44.55,44.0,44.0,156050
2017-07-21,44.05,44.05,43.55,43.55,173000
2017-07-24,43.55,43.55,42.8,42.8,255000
2017-07-25,42.8,44.5,42.8,44.5,323135
2017-07-26,44.75,44.9,44.05,44.05,227000
2017-07-27,44.05,45.5,43.7,44.9,314000
2017-07-28,45.3,45.7,44.6,44.7,330000
2017-07-31,44.7,44.7,44.3,44.4,91100
2017-08-01,44.8,45.1,44.5,44.7,129000
2017-08-02,44.7,44.8,44.3,44.3,205000
2017-08-03,44.35,44.6,43.8,43.8,107114
2017-08-04,44.25,44.95,43.65,44.55,208000
2017-08-07,44.75,44.95,43.9,43.9,233210
2017-08-08,44.0,47.8,43.2,47.5,1806150
2017-08-09,49.45,49.85,48.55,48.7,4389333
2017-08-10,48.05,48.55,45.6,45.8,865650
2017-08-11,44.4,45.0,41.5,43.0,1796201
2017-08-14,43.7,43.7,41.5,41.5,554300
2017-08-15,42.4,42.4,40.6,40.8,430019
2017-08-16,40.7,40.7,39.55,40.0,651100
2017-08-17,41.0,42.3,40.05,41.45,380000
2017-08-18,41.8,44.1,41.8,42.6,1201000
2017-08-21,43.05,43.05,41.5,41.75,364050
2017-08-22,41.9,42.85,41.9,42.05,242000
2017-08-23,42.7,46.0,41.8,45.8,1756000
2017-08-24,47.6,48.8,47.6,48.1,4455400
2017-08-25,49.05,49.05,45.85,45.85,1350150
2017-08-28,46.0,47.3,45.9,46.05,647000
2017-08-29,47.0,47.0,45.5,45.5,389000
2017-08-30,46.7,46.7,44.6,44.6,537200
2017-08-31,45.5,46.0,44.75,44.85,489000
2017-09-01,47.0,47.3,46.1,46.1,957511
2017-09-04,47.95,48.5,46.5,46.6,1044001
2017-09-05,47.5,49.4,45.8,48.8,2208569
2017-09-06,48.75,49.7,47.8,48.2,3123042
2017-09-07,48.2,48.5,46.2,46.6,1103300
2017-09-08,47.0,47.0,45.65,45.95,646110
2017-09-11,47.0,47.0,44.9,44.9,870000
2017-09-12,46.3,46.3,45.05,45.3,492060
2017-09-13,45.7,45.8,45.0,45.15,294090
2017-09-14,45.15,45.35,44.55,44.55,509100
2017-09-15,44.6,45.8,44.6,45.0,435000
2017-09-18,45.2,46.8,45.1,45.25,376000
2017-09-19,45.65,45.9,45.25,45.25,248000
2017-09-20,45.3,45.7,44.7,44.7,300000
2017-09-21,45.4,45.4,44.7,44.8,199000
2017-09-22,45.55,45.75,44.65,44.65,337019
2017-09-25,45.55,45.55,44.15,44.7,273000
2017-09-26,44.7,45.3,44.65,44.7,206000
2017-09-27,44.7,44.7,44.25,44.35,298082
2017-09-28,44.25,44.9,44.25,44.5,323000
2017-09-29,44.5,44.8,44.3,44.35,216594
2017-09-30,44.45,44.9,44.45,44.6,109010
2017-10-02,44.85,45.7,44.85,45.5,216090
2017-10-03,46.0,46.2,45.5,45.5,305008
2017-10-05,45.5,45.5,44.85,45.0,247000
2017-10-06,45.0,45.25,44.55,44.85,90100
2017-10-11,44.2,45.25,43.7,43.8,437000
2017-10-12,44.45,44.45,43.8,43.85,138000
2017-10-13,43.85,44.35,43.8,44.0,121348
2017-10-16,43.95,44.2,43.85,43.85,111150
2017-10-17,43.8,43.9,43.65,43.7,146000
2017-10-18,43.8,43.8,43.6,43.7,95074
2017-10-19,43.5,44.1,43.5,43.75,139000
2017-10-20,43.7,44.45,43.7,43.8,91110
2017-10-23,43.8,44.05,43.7,43.7,51400
2017-10-24,44.1,44.15,43.6,43.7,85000
2017-10-25,43.7,43.95,43.65,43.65,74100
2017-10-26,43.7,43.7,43.3,43.35,126000
2017-10-27,43.9,44.0,42.9,42.9,214100
2017-10-30,43.05,43.05,42.1,42.1,201129
2017-10-31,42.15,42.45,42.1,42.1,120200
2017-11-01,42.15,42.9,42.15,42.5,122100
2017-11-02,42.5,43.45,42.45,42.5,90000
2017-11-03,42.8,42.8,42.2,42.2,93000
2017-11-06,42.8,43.3,42.3,42.85,66000
2017-11-07,42.85,42.9,42.0,42.4,112000
2017-11-08,42.4,42.6,42.0,42.05,100000
2017-11-09,43.4,44.0,41.5,42.05,262000
2017-11-10,42.1,42.9,41.9,42.5,69332
2017-11-13,42.15,42.2,41.1,41.1,151000
2017-11-14,41.2,41.3,40.0,40.6,263000
2017-11-15,40.5,40.6,40.0,40.4,126000
2017-11-16,40.8,41.25,40.8,41.05,108000
2017-11-17,42.0,42.6,41.2,41.8,141000
2017-11-20,41.3,41.5,41.1,41.15,43000
2017-11-21,41.15,41.55,40.8,40.8,71000
2017-11-22,40.6,40.95,40.5,40.85,142000
2017-11-23,40.6,40.9,40.55,40.85,50000
2017-11-24,40.55,40.95,40.3,40.95,120000
2017-11-27,41.5,41.9,40.8,41.65,182041
2017-11-28,41.7,42.0,41.15,41.15,78000
2017-11-29,41.8,41.85,41.15,41.55,142000
2017-11-30,41.1,41.5,40.35,40.7,65050
2017-12-01,40.75,44.75,40.6,42.8,858000
2017-12-04,43.9,43.9,42.0,42.35,224000
2017-12-05,42.0,42.6,41.55,41.55,77025
2017-12-06,41.8,42.0,40.95,40.95,122000
2017-12-07,42.0,42.0,40.4,40.45,91000
2017-12-08,41.2,41.2,40.5,40.55,79000
2017-12-11,40.65,41.0,40.35,41.0,119000
2017-12-12,41.0,41.0,40.5,40.55,76000
2017-12-13,40.55,40.8,40.55,40.55,63000
2017-12-14,40.8,41.3,40.6,40.6,96000
2017-12-15,41.2,41.2,40.7,41.0,150100
2017-12-18,42.5,42.5,41.1,41.3,87000
2017-12-19,41.4,41.4,41.0,41.0,65175
2017-12-20,40.9,41.2,40.85,40.85,76151
2017-12-21,40.9,41.5,40.9,41.4,83077
2017-12-22,44.1,44.2,42.8,43.35,753035
2017-12-25,44.1,44.1,43.3,43.3,271000
2017-12-26,43.8,43.8,42.25,42.3,184032
2017-12-27,42.3,42.9,42.0,42.1,119000
2017-12-28,42.6,42.6,41.9,41.95,108000
2017-12-29,42.3,42.45,41.9,42.2,81000
2018-01-02,42.4,42.4,42.0,42.2,50000
2018-01-03,42.1,42.5,42.05,42.3,65000
2018-01-04,42.65,42.65,42.0,42.35,122275
2018-01-05,42.6,42.6,41.9,42.1,160000
2018-01-08,42.2,42.45,41.9,42.0,95000
2018-01-09,41.85,42.15,41.75,41.75,44000
2018-01-10,42.3,42.3,41.1,41.3,118153
2018-01-11,41.6,41.7,41.2,41.5,101000
2018-01-12,42.2,42.6,42.0,42.5,213000
2018-01-15,42.6,43.25,42.5,42.5,210000
2018-01-16,42.55,42.8,42.25,42.5,111000
2018-01-17,42.1,43.4,42.1,43.35,276300
2018-01-18,43.75,43.8,42.8,42.8,220000
2018-01-19,42.8,43.15,42.55,42.55,79000
2018-01-22,42.65,42.65,42.0,42.25,95021
2018-01-23,42.1,42.45,42.0,42.2,90000
2018-01-24,42.2,42.8,42.0,42.3,123000
2018-01-25,42.4,42.7,42.05,42.1,96000
2018-01-26,42.25,42.25,42.0,42.05,81124
2018-01-29,42.1,42.25,42.1,42.15,40000
2018-01-30,42.4,42.5,42.2,42.35,131001
2018-01-31,42.1,42.4,41.8,42.3,46000
2018-02-01,42.3,42.95,42.3,42.75,110000
2018-02-02,42.9,43.3,42.65,42.9,100003
2018-02-05,42.0,42.9,41.9,42.9,84000
2018-02-06,39.35,40.65,39.1,39.55,481000
2018-02-07,39.8,40.25,39.7,40.0,133000
2018-02-08,40.2,40.2,38.85,39.1,155000
2018-02-09,37.8,37.8,35.55,36.45,409000
2018-02-12,36.5,37.4,36.5,37.3,85370
2018-02-21,37.5,38.8,37.5,38.1,62000
2018-02-22,38.5,38.6,38.2,38.5,52070
2018-02-23,39.0,39.65,38.6,39.1,58150
2018-02-26,39.3,39.85,39.1,39.5,53003
2018-02-27,39.5,39.7,39.1,39.2,42000
2018-03-01,38.7,39.2,38.7,39.1,22000
2018-03-02,38.75,39.85,38.75,39.2,27000
2018-03-05,39.25,39.4,38.7,38.85,35000
2018-03-06,40.3,40.3,38.85,38.85,61000
2018-03-07,39.1,39.25,38.9,38.9,22000
2018-03-08,39.2,39.2,38.8,38.9,24100
2018-03-09,38.9,39.25,38.9,38.95,22000
2018-03-12,38.9,39.3,38.9,39.0,46000
2018-03-13,38.9,39.4,38.9,39.15,49000
2018-03-14,39.15,39.9,39.15,39.5,81280
2018-03-15,39.65,39.7,39.5,39.5,31258
2018-03-16,39.8,39.8,39.2,39.35,35150
2018-03-19,39.35,39.35,39.1,39.15,66020
2018-03-20,39.15,39.15,38.85,38.85,37000
2018-03-21,38.85,39.2,38.85,39.1,44010
2018-03-22,38.85,39.15,38.8,38.85,28000
2018-03-23,38.6,38.6,38.0,38.3,54000
2018-03-26,38.3,38.45,38.3,38.45,31000
2018-03-27,39.65,39.75,38.85,39.0,25000
2018-03-28,38.8,39.1,38.6,38.6,32228
2018-03-29,38.8,38.85,38.4,38.4,34000
2018-03-30,38.4,38.75,38.2,38.3,60001
2018-03-31,39.0,39.45,38.35,38.4,46241
2018-04-02,38.35,38.9,38.3,38.35,13000
2018-04-03,38.2,38.6,38.0,38.2,50000
2018-04-09,38.1,38.1,37.65,37.8,64205
2018-04-10,37.8,38.0,37.45,37.85,61092
2018-04-11,37.85,37.85,37.5,37.85,47000
2018-04-12,38.0,38.3,37.6,37.9,116055
2018-04-13,38.3,38.5,37.75,38.15,43000
2018-04-16,38.5,38.5,37.75,37.75,53000
2018-04-17,37.65,37.7,37.4,37.55,92000
2018-04-18,37.55,37.6,37.05,37.05,85410
2018-04-19,37.05,37.9,36.6,36.9,108000
2018-04-20,37.1,37.1,36.6,36.9,39016
2018-04-23,36.6,36.6,35.55,35.55,111106
2018-04-24,35.3,35.35,34.0,34.45,86000
2018-04-25,34.05,34.4,33.05,33.6,139000
2018-04-26,33.95,33.95,33.35,33.6,69000
2018-04-27,33.6,33.65,33.5,33.65,41000
2018-04-30,33.55,34.0,33.5,34.0,25000
2018-05-02,33.5,34.05,33.5,33.95,34000
2018-05-03,33.9,34.65,33.6,34.15,49000
2018-05-04,33.7,34.3,33.7,34.15,43100
2018-05-07,34.65,34.95,33.95,34.15,37004
2018-05-08,34.5,34.8,34.25,34.8,52000
2018-05-09,34.4,34.7,34.2,34.2,62000
2018-05-10,33.95,34.45,33.6,34.35,115003
2018-05-11,34.05,34.4,33.8,34.35,93000
2018-05-14,34.45,34.7,33.9,34.05,94058
2018-05-15,34.05,34.45,34.05,34.45,43000
2018-05-16,34.05,34.35,34.0,34.2,87000
2018-05-17,34.3,34.5,34.0,34.35,59000
2018-05-18,34.4,34.55,34.2,34.35,55000
2018-05-21,34.3,34.35,34.25,34.35,35000
2018-05-22,34.15,34.45,33.95,34.45,88000
2018-05-23,34.4,34.45,34.1,34.3,20000
2018-05-24,34.05,34.25,33.9,34.25,74000
2018-05-25,34.35,34.35,34.0,34.3,32000
2018-05-28,34.05,34.9,34.05,34.85,84000
2018-05-29,34.5,34.85,34.25,34.85,42000
2018-05-30,34.85,36.0,34.85,35.55,184000
2018-05-31,35.65,35.65,35.15,35.6,87111
2018-06-01,35.6,35.9,35.25,35.75,86000
2018-06-04,35.75,37.2,35.75,36.8,206000
2018-06-05,37.05,37.1,36.7,36.85,119002
2018-06-06,36.9,37.25,36.55,37.15,90000
2018-06-07,36.85,37.1,36.6,37.0,97000
2018-06-08,37.0,37.15,36.8,36.95,87000
2018-06-11,37.0,37.1,36.75,37.0,83000
2018-06-12,36.65,38.05,36.65,37.5,113058
2018-06-13,37.6,37.75,37.3,37.4,123000
2018-06-14,37.4,37.4,36.9,37.35,66150
2018-06-15,36.9,37.35,36.7,37.35,95000
2018-06-19,37.0,37.3,36.85,37.3,55004
2018-06-20,37.0,37.3,36.8,37.3,500000
2018-06-21,37.4,39.9,37.0,38.5,1785098
2018-06-22,37.75,38.8,37.4,38.15,800000
2018-06-25,38.4,38.4,36.8,37.95,753030
2018-06-26,37.3,38.25,37.1,37.8,1291870
2018-06-27,35.9,35.9,35.7,35.8,98150
2018-06-28,35.8,36.1,35.3,36.1,40000
2018-06-29,36.2,36.8,35.6,36.8,52000
2018-07-02,36.9,37.3,36.5,36.95,69000
2018-07-03,36.85,36.85,35.1,35.9,65000
2018-07-04,35.9,36.2,35.3,36.15,58150
2018-07-05,35.1,36.15,35.1,36.0,68000
2018-07-06,35.6,36.05,35.3,36.05,27000
2018-07-09,35.6,36.0,35.2,35.8,86060
2018-07-10,35.8,35.9,35.5,35.9,20000
2018-07-11,35.5,35.65,35.25,35.65,30000
2018-07-12,35.65,36.15,35.4,36.15,61000
2018-07-13,35.4,36.15,35.4,36.1,20000
2018-07-16,35.8,36.15,35.8,36.1,12000
2018-07-17,35.6,36.1,35.6,36.0,29088
2018-07-18,36.1,36.5,36.1,36.15,44100
2018-07-19,36.2,36.4,36.2,36.4,39585
2018-07-20,36.9,36.9,36.15,36.4,36000
2018-07-23,36.25,36.55,36.25,36.4,13010
2018-07-24,36.0,36.15,35.8,36.15,35000
2018-07-25,35.85,36.0,35.5,36.0,40200
2018-07-26,36.2,36.2,35.5,36.0,15000
2018-07-27,36.1,36.1,35.5,36.0,27000
2018-07-30,35.95,35.95,35.4,35.55,55000
2018-07-31,35.55,35.9,35.45,35.9,13000
2018-08-01,35.9,36.05,35.6,35.6,25000
2018-08-02,35.6,35.6,35.0,35.5,72000
2018-08-03,35.3,35.5,35.15,35.2,33000
2018-08-06,35.2,35.8,35.2,35.8,22000
2018-08-07,35.8,36.5,35.8,36.5,79000
2018-08-08,37.0,37.0,36.5,36.8,64000
2018-08-09,36.6,37.0,36.5,37.0,58000
2018-08-10,37.0,37.25,37.0,37.15,76120
2018-08-13,37.15,37.6,37.15,37.5,233000
2018-08-14,37.5,37.8,37.25,37.7,97000
2018-08-15,37.7,37.7,37.45,37.7,47000
2018-08-16,37.5,37.65,37.25,37.3,34086
2018-08-17,37.35,37.7,37.35,37.65,51407
2018-08-20,37.65,37.65,36.95,37.5,93000
2018-08-21,37.7,37.7,37.2,37.5,31635
2018-08-22,37.5,37.5,37.25,37.5,19000
2018-08-23,37.3,37.5,37.0,37.5,57000
2018-08-24,37.95,38.0,37.4,37.65,58000
2018-08-27,37.5,37.7,37.5,37.7,11001
2018-08-28,37.4,38.0,37.4,38.0,21000
2018-08-29,38.0,38.0,37.8,38.0,36000
2018-08-30,37.8,38.15,37.7,38.15,420000
2018-08-31,37.95,38.3,37.95,38.15,44115
2018-09-03,38.15,38.15,37.95,38.1,66000
2018-09-04,37.9,38.2,37.85,38.2,58000
2018-09-05,38.2,38.2,37.95,38.15,31000
2018-09-06,37.95,38.15,37.85,38.1,52566
2018-09-07,37.8,37.95,37.55,37.9,70000
2018-09-10,37.7,37.7,36.7,37.4,111100
2018-09-11,36.65,37.25,36.65,37.25,69100
2018-09-12,36.95,37.2,36.85,37.0,43100
2018-09-13,37.0,37.75,36.7,37.75,56000
2018-09-14,37.2,37.75,37.2,37.75,32000
2018-09-17,37.35,38.4,37.35,38.0,63000
2018-09-18,38.2,38.5,38.2,38.3,72000
2018-09-19,38.35,38.6,38.35,38.4,29000
2018-09-20,38.1,38.35,38.1,38.35,33761
2018-09-21,38.0,38.35,37.65,38.3,30000
2018-09-25,38.0,38.1,38.0,38.1,7000
2018-09-26,38.0,38.0,37.8,37.85,33000
2018-09-27,37.65,37.9,37.65,37.9,12000
2018-09-28,38.0,38.0,37.6,37.95,52000
2018-10-01,37.95,38.0,37.95,38.0,6000
2018-10-02,38.0,38.0,37.75,37.75,4000
2018-10-03,37.6,37.6,37.3,37.3,51001
2018-10-04,37.2,37.2,37.0,37.2,37000
2018-10-05,37.0,37.0,36.3,36.5,94000
2018-10-08,37.4,37.4,35.75,36.5,50000
2018-10-09,35.8,36.5,35.6,36.45,45000
2018-10-11,33.15,33.35,32.85,32.85,120050
2018-10-12,31.0,31.45,30.65,30.85,126050
2018-10-15,31.9,31.9,30.55,31.05,63070
2018-10-16,31.05,31.7,30.6,31.0,54400
2018-10-17,30.9,31.05,30.85,31.05,43000
2018-10-18,30.75,30.9,30.75,30.9,26000
2018-10-19,30.5,30.5,28.5,29.05,193000
2018-10-22,28.4,29.55,28.4,29.55,39100
2018-10-23,29.1,29.45,28.95,29.3,11000
2018-10-24,28.8,29.25,28.4,29.0,54000
2018-10-25,27.0,28.0,27.0,27.8,161000
2018-10-26,27.35,27.75,27.35,27.45,63000
2018-10-29,27.45,27.8,27.4,27.7,23000
2018-10-30,27.25,27.7,27.25,27.7,66113
2018-10-31,27.35,28.15,27.35,27.7,56000
2018-11-01,27.8,27.95,27.7,27.9,34000
2018-11-02,28.4,28.4,28.1,28.15,38000
2018-11-05,28.15,28.15,28.0,28.0,24000
2018-11-06,27.5,28.6,27.5,28.55,33040
2018-11-07,28.6,29.9,28.6,29.25,139000
2018-11-08,29.4,31.6,29.4,31.15,223000
2018-11-09,31.25,31.9,31.15,31.7,99000
2018-11-12,32.0,32.0,31.4,31.55,35000
2018-11-13,31.55,31.55,30.9,31.25,37100
2018-11-14,32.0,32.0,31.2,31.5,19000
2018-11-15,32.6,32.9,31.9,32.15,39000
2018-11-16,31.7,32.55,31.7,32.0,33000
2018-11-19,32.0,32.3,32.0,32.05,18000
2018-11-20,31.8,31.85,31.3,31.85,28000
2018-11-21,31.4,32.05,31.4,31.9,27070
2018-11-22,31.95,33.0,31.95,32.8,96000
2018-11-23,32.95,34.85,32.85,34.15,595150
2018-11-26,35.9,35.9,34.15,34.5,142216
2018-11-27,35.0,35.0,34.3,34.5,83000
2018-11-28,34.5,35.7,34.5,35.45,192000
2018-11-29,36.4,36.4,35.65,35.65,66000
2018-11-30,35.8,36.0,35.25,35.5,96100
2018-12-03,36.3,37.2,36.1,37.0,145000
2018-12-04,36.55,37.25,36.25,36.7,619000
2018-12-05,37.0,39.5,37.0,38.35,288140
2018-12-06,37.8,37.95,36.05,37.7,266000
2018-12-07,38.0,38.3,37.05,37.6,89100
2018-12-10,37.65,38.8,37.5,38.25,195707
2018-12-11,38.25,38.55,38.0,38.25,575000
2018-12-12,38.0,39.5,38.0,38.2,134000
2018-12-13,38.9,38.9,38.25,38.35,90000
2018-12-14,38.35,38.6,38.1,38.2,76100
2018-12-17,38.2,38.2,37.6,37.95,108000
2018-12-18,37.95,37.95,37.15,37.9,106000
2018-12-19,37.65,38.0,37.55,38.0,23000
2018-12-20,37.6,37.75,37.3,37.75,30000
2018-12-21,37.7,37.8,37.3,37.8,33000
2018-12-22,37.65,38.3,37.65,38.3,4150
2018-12-24,38.8,38.8,38.0,38.3,49000
2018-12-25,38.0,38.0,37.6,37.9,43000
2018-12-26,37.6,37.6,37.0,37.35,45000
2018-12-27,37.3,38.6,37.3,37.6,32000
2018-12-28,37.35,37.7,37.35,37.55,23000
2019-01-02,37.7,37.95,37.55,37.6,19000
2019-01-03,38.6,39.3,37.95,38.05,112110
2019-01-04,38.05,38.2,37.35,38.05,56150
2019-01-07,38.35,38.8,38.15,38.6,80000
2019-01-08,39.0,41.75,39.0,40.7,409010
2019-01-09,41.2,41.55,41.1,41.1,287167
2019-01-10,41.75,41.75,40.5,40.9,119580
2019-01-11,39.9,40.7,39.3,39.7,222186
2019-01-14,39.7,39.7,39.05,39.5,77000
2019-01-15,39.65,40.25,39.6,39.65,52000
2019-01-16,39.35,39.6,39.35,39.45,63000
2019-01-17,39.7,39.7,38.4,38.5,52620
2019-01-18,38.5,38.65,38.3,38.4,60000
2019-01-21,38.2,38.4,38.15,38.4,31000
2019-01-22,38.0,38.4,37.75,38.25,55186
2019-01-23,37.3,38.3,37.3,38.3,39000
2019-01-24,38.0,38.25,37.95,38.2,46000
2019-01-25,38.3,38.5,38.2,38.3,36100
2019-01-28,39.0,39.15,38.55,38.8,36004
2019-01-29,38.9,39.15,38.45,39.0,73000
2019-01-30,39.0,39.0,38.5,38.8,77220
2019-02-11,39.2,39.5,38.8,39.0,77104
2019-02-12,39.0,39.5,38.65,39.25,32400
2019-02-13,39.3,39.3,39.05,39.25,27000
2019-02-14,39.25,39.3,38.8,39.3,68000
2019-02-15,39.35,39.5,39.0,39.1,45600
2019-02-18,40.1,41.55,40.1,40.75,386313
2019-02-19,40.8,40.8,40.5,40.75,92188
2019-02-20,40.75,41.35,40.75,41.1,176700
2019-02-21,41.35,42.35,40.4,40.4,356249
2019-02-22,40.95,40.95,40.3,40.4,77356
2019-02-25,40.6,43.6,40.6,43.4,1559706
2019-02-26,43.7,44.25,42.5,43.2,769527
2019-02-27,43.7,43.7,41.95,43.0,514200
2019-03-04,43.8,44.8,43.1,43.1,1074080
2019-03-05,43.0,43.05,42.0,42.0,255276
2019-03-06,42.25,42.25,41.45,41.5,171650
2019-03-07,41.6,42.0,39.9,40.0,225080
2019-03-08,40.3,41.5,40.3,40.8,102000
2019-03-11,40.15,41.55,40.15,41.0,313138
2019-03-12,41.0,42.7,40.7,42.5,399153
2019-03-13,42.95,44.85,42.0,42.0,3488000
2019-03-14,42.3,42.65,42.0,42.4,362100
2019-03-15,42.85,44.1,42.5,43.7,855478
2019-03-18,44.45,44.45,43.45,43.6,475000
2019-03-19,43.5,44.5,43.3,44.1,711000
2019-03-20,44.15,44.8,43.8,43.8,518150
2019-03-21,43.8,44.1,43.25,43.25,195000
2019-03-22,43.65,43.75,42.2,42.35,264194
2019-03-25,41.0,41.7,41.0,41.55,114725
2019-03-26,42.0,42.55,41.6,42.0,96200
2019-03-27,42.2,44.75,42.1,43.7,579573
2019-03-28,43.5,44.95,43.5,43.5,1181168
2019-03-29,43.2,43.7,42.55,42.9,238000
2019-04-01,42.7,43.2,42.65,42.8,122515
2019-04-02,43.4,43.4,41.7,41.95,262010
2019-04-03,41.95,42.6,41.55,42.2,123000
2019-04-08,42.5,42.7,42.0,42.15,569000
2019-04-09,42.3,42.3,41.6,42.0,141000
2019-04-10,41.7,42.85,41.7,42.5,103032
2019-04-11,42.2,42.3,41.3,41.6,152000
2019-04-12,41.45,41.45,40.15,40.5,301000
2019-04-15,40.6,43.0,40.5,43.0,213000
2019-04-16,43.5,44.3,42.35,42.35,1023032
2019-04-17,42.35,42.5,41.6,42.15,184000
2019-04-18,42.1,42.35,41.2,41.4,128108
2019-04-19,41.6,41.8,41.25,41.4,64000
2019-04-22,41.4,42.25,41.4,41.65,59071
2019-04-23,41.9,41.9,40.8,41.2,47627
2019-04-24,41.35,41.35,40.7,41.05,105071
2019-04-25,41.05,41.1,40.7,40.9,50000
2019-04-26,41.5,41.5,40.55,40.75,82000
2019-04-29,40.55,40.55,39.15,39.2,164275
2019-04-30,39.15,39.75,39.15,39.7,46000
2019-05-02,39.7,39.75,39.5,39.6,30320
2019-05-03,39.6,39.9,39.2,39.8,41000
2019-05-06,38.8,38.8,37.5,38.0,258199
2019-05-07,38.3,38.95,38.3,38.6,61100
2019-05-08,38.0,38.9,38.0,38.55,44000
2019-05-09,38.8,39.65,38.0,38.15,67200
2019-05-10,37.95,38.7,37.95,38.1,55200
2019-05-13,38.05,38.3,37.5,38.1,86080
2019-05-14,37.55,38.85,37.5,38.5,81050
2019-05-15,38.2,39.45,38.2,39.35,148427
2019-05-16,38.9,39.35,38.1,38.8,587250
2019-05-17,38.8,38.8,37.6,38.35,95100
2019-05-20,38.35,38.35,37.5,38.2,67180
2019-05-21,38.5,38.5,37.85,38.2,25002
2019-05-22,38.0,38.3,37.85,38.1,34000
2019-05-23,37.85,38.1,37.4,37.8,481003
2019-05-24,37.3,37.3,36.6,37.1,122117
2019-05-27,37.15,37.3,36.55,36.9,53000
2019-05-28,36.9,37.3,36.6,37.2,66000
2019-05-29,36.55,37.3,36.55,37.2,36000
2019-05-30,37.5,37.9,37.5,37.65,39000
2019-05-31,37.65,37.7,37.65,37.7,2000
2019-06-03,37.6,38.7,37.55,38.7,76000
2019-06-04,39.4,39.4,38.6,39.0,16000
2019-06-05,38.6,38.6,38.45,38.5,24000
2019-06-06,38.5,38.8,37.7,38.45,38000
2019-06-10,38.45,38.5,38.45,38.45,10200
2019-06-11,37.8,38.1,37.55,38.1,38000
2019-06-12,38.1,38.15,37.85,38.15,25000
2019-06-13,38.15,38.15,37.65,38.15,25000
2019-06-14,37.85,38.15,37.6,38.15,55000
2019-06-17,37.9,38.2,37.9,38.0,34100
2019-06-18,38.1,38.1,37.7,38.0,4000
2019-06-19,38.2,38.75,37.75,38.05,52000
2019-06-20,38.05,38.5,38.05,38.35,11200
2019-06-21,38.35,39.4,38.2,38.45,34000
2019-06-24,38.45,38.5,38.45,38.5,7013
2019-06-25,38.55,38.55,38.5,38.5,6000
2019-06-26,39.15,39.15,38.1,38.45,24000
2019-06-27,38.45,38.8,38.15,38.45,18000
2019-06-28,38.4,38.4,38.3,38.35,4000
2019-07-01,39.1,39.1,38.6,38.65,18000
2019-07-02,38.6,39.1,38.6,38.85,15594
2019-07-03,40.0,40.0,38.6,38.95,21000
2019-07-04,38.95,39.05,38.7,39.05,33002
2019-07-05,39.7,39.7,39.1,39.35,37001
2019-07-08,39.2,39.45,39.0,39.3,30000
2019-07-09,39.3,39.4,39.1,39.4,22003
2019-07-10,39.85,40.0,39.2,39.8,52000
2019-07-11,39.8,39.8,39.5,39.5,42000
2019-07-12,39.1,39.95,39.1,39.5,72436
2019-07-15,39.55,39.55,39.35,39.35,13000
2019-07-16,39.3,39.4,39.1,39.35,67000
2019-07-17,39.15,39.2,38.85,39.2,48100
2019-07-18,39.2,39.4,39.2,39.3,36000
2019-07-19,39.4,39.85,39.35,39.8,179014
2019-07-22,36.35,36.5,36.15,36.5,49010
2019-07-23,36.3,36.5,36.2,36.5,40000
2019-07-24,36.5,36.5,36.25,36.3,27150
2019-07-25,36.3,37.3,36.3,36.6,43237
2019-07-26,36.5,36.95,36.35,36.6,22000
2019-07-29,37.3,37.3,36.4,36.85,26000
2019-07-30,37.3,37.3,36.55,36.75,43000
2019-07-31,36.55,36.9,36.55,36.7,8000
2019-08-01,36.6,36.75,36.6,36.7,16000
2019-08-02,36.65,36.7,36.4,36.65,40000
2019-08-05,36.65,36.65,36.4,36.6,23000
2019-08-06,36.45,36.45,35.5,35.9,65000
2019-08-07,36.65,36.65,35.6,36.25,7000
2019-08-08,36.25,36.5,36.1,36.25,31000
2019-08-12,36.3,37.25,36.3,36.5,4000
2019-08-13,36.05,36.05,35.7,35.7,18000
2019-08-14,35.5,35.7,34.8,35.5,67000
2019-08-15,34.8,35.5,34.8,35.35,21000
2019-08-16,35.4,35.8,35.25,35.8,18000
2019-08-19,35.6,35.8,35.5,35.8,12000
2019-08-20,35.8,36.9,35.55,35.55,50000
2019-08-21,35.6,35.95,35.5,35.55,23000
2019-08-22,35.55,35.6,35.35,35.6,28000
2019-08-23,35.55,36.85,35.55,36.05,25044
2019-08-26,35.9,36.3,35.9,36.25,27480
2019-08-27,36.3,37.3,36.3,37.3,18580
2019-08-28,37.3,37.3,36.9,37.2,23926
2019-08-29,36.4,37.25,36.4,37.2,24100
2019-08-30,37.4,37.4,37.25,37.25,57682
2019-09-02,37.1,37.5,36.95,37.5,21203
2019-09-03,37.7,37.8,37.4,37.4,8380
2019-09-04,37.0,37.7,37.0,37.4,23650
2019-09-05,37.0,37.7,37.0,37.7,25205
2019-09-06,37.3,37.9,37.3,37.9,14293
2019-09-09,37.8,37.8,37.4,37.7,7500
2019-09-10,37.7,37.85,37.4,37.7,488150
2019-09-11,37.5,37.7,37.0,37.7,22750
2019-09-12,37.2,37.65,37.2,37.6,9648
2019-09-16,37.6,37.6,37.3,37.6,15400
2019-09-17,37.9,37.9,37.3,37.7,21200
2019-09-18,37.6,37.8,37.5,37.5,24457
2019-09-19,37.5,37.8,37.5,37.5,13750
2019-09-20,37.35,37.7,37.35,37.7,3043
2019-09-23,37.5,38.0,37.15,38.0,19501
2019-09-24,38.0,38.8,38.0,38.8,69407
2019-09-25,39.15,39.15,38.75,39.0,28413
2019-09-26,39.05,39.05,38.65,39.0,17000
2019-09-27,39.0,39.0,38.4,38.6,16660
2019-10-01,38.4,39.0,38.4,39.0,7350
2019-10-02,38.6,38.95,38.5,38.95,20052
2019-10-03,38.7,39.1,38.7,39.0,19084
2019-10-04,38.7,39.1,38.6,39.1,30570
2019-10-07,39.15,39.2,38.65,39.2,40250
2019-10-08,39.15,39.15,38.45,38.8,61050
2019-10-09,38.45,38.5,38.1,38.5,55100
2019-10-14,38.2,38.4,38.0,38.4,25250
2019-10-15,38.4,38.5,38.4,38.4,6300
2019-10-16,38.1,38.9,38.1,38.9,9344
2019-10-17,38.25,38.8,38.25,38.8,10060
2019-10-18,38.8,38.85,38.4,38.8,20900
2019-10-21,38.7,38.7,38.45,38.65,11080
2019-10-22,38.5,38.6,38.4,38.55,19540
2019-10-23,38.5,38.5,38.45,38.45,2350
2019-10-24,38.1,38.5,38.0,38.5,29759
2019-10-25,38.2,38.5,38.2,38.5,14200
2019-10-28,38.0,39.65,38.0,39.2,68450
2019-10-29,39.9,39.9,39.0,39.3,67716
2019-10-30,39.15,39.25,38.85,39.25,29098
2019-10-31,39.55,39.55,38.75,38.95,530800
2019-11-01,38.8,39.1,38.5,39.1,96550
2019-11-04,38.55,38.95,38.55,38.95,87700
2019-11-05,38.9,38.95,38.55,38.65,103375
2019-11-06,38.55,38.55,38.35,38.5,8250
2019-11-07,38.6,38.6,38.5,38.5,7100
2019-11-08,38.2,38.5,38.2,38.5,7600
2019-11-11,38.05,38.1,38.0,38.1,22000
2019-11-12,38.1,38.1,37.55,37.7,20371
2019-11-13,37.4,37.65,37.4,37.4,5550
2019-11-14,37.4,37.4,36.5,37.2,37500
2019-11-15,37.0,37.15,37.0,37.15,8400
2019-11-18,36.85,37.1,36.85,37.1,11000
2019-11-19,36.7,36.95,36.55,36.95,29100
2019-11-20,36.5,36.95,36.5,36.9,5260
2019-11-21,36.6,36.7,36.55,36.6,15214
2019-11-22,36.6,38.1,36.6,37.4,18686
2019-11-25,37.0,37.3,36.7,37.3,12000
2019-11-26,37.65,37.65,36.8,37.2,10900
2019-11-27,36.85,37.2,36.85,37.2,13050
2019-11-28,36.85,36.95,36.6,36.85,27450
2019-11-29,36.6,36.6,36.05,36.05,8250
2019-12-02,36.05,36.85,36.0,36.0,21261
2019-12-03,36.5,36.5,36.1,36.45,16261
2019-12-04,36.45,36.95,36.35,36.95,15000
2019-12-05,36.5,37.0,36.5,37.0,7000
2019-12-06,36.7,37.0,36.7,36.95,2075000
2019-12-09,36.8,37.1,36.8,37.1,26500
2019-12-10,37.1,37.1,36.8,36.85,21220
2019-12-11,36.8,37.0,36.55,37.0,832000
2019-12-12,37.0,37.0,36.55,37.0,38300
2019-12-13,37.1,37.1,36.9,36.95,19597
2019-12-16,37.0,37.35,36.85,36.9,23200
2019-12-17,36.7,37.1,36.7,36.9,16200
2019-12-18,36.8,37.55,36.8,37.55,610720
2019-12-19,37.3,37.45,37.0,37.2,17050
2019-12-20,37.2,37.25,37.05,37.2,35000
2019-12-23,36.8,37.05,36.8,37.05,11000
2019-12-24,36.8,36.8,36.5,36.7,26200
2019-12-25,36.55,36.8,36.5,36.8,20140
2019-12-26,36.6,36.65,36.05,36.45,56200
2019-12-27,37.2,37.2,36.25,37.0,88800
2019-12-30,36.8,37.3,36.8,37.3,6360
2019-12-31,36.85,38.0,36.85,38.0,45150
2020-01-02,37.25,38.25,37.0,37.7,43100
2020-01-03,37.5,37.95,37.35,37.9,36100
2020-01-06,37.85,37.85,37.5,37.5,557500
2020-01-07,37.4,37.6,37.15,37.6,18000
2020-01-08,37.1,37.4,37.1,37.3,17000
2020-01-09,37.4,37.4,37.05,37.2,26350
2020-01-10,37.7,37.7,37.25,37.3,9150
2020-01-13,37.25,37.5,37.25,37.25,8000
2020-01-14,37.3,37.85,37.3,37.85,41000
2020-01-15,38.05,38.15,37.65,38.1,35950
2020-01-16,38.2,38.2,37.45,37.85,24603
2020-01-17,37.85,37.9,37.5,37.9,10000
2020-01-20,37.55,38.2,37.55,38.2,16477
2020-01-30,38.2,38.5,36.9,36.9,69240
2020-01-31,37.0,37.2,36.7,36.7,38360
2020-02-03,36.65,37.2,34.15,36.75,169500
2020-02-04,36.75,37.4,36.75,37.15,131100
2020-02-05,37.3,37.4,37.0,37.1,142140
2020-02-06,37.25,37.45,37.25,37.3,114740
2020-02-07,37.3,37.4,37.0,37.3,131000
2020-02-10,36.85,37.4,36.85,37.4,112080
2020-02-11,37.35,37.65,36.85,36.85,119050
2020-02-12,37.0,37.2,37.0,37.0,109050
2020-02-13,37.05,37.4,37.05,37.3,147002
2020-02-14,37.3,37.4,37.05,37.05,109050
2020-02-17,37.2,37.2,37.15,37.15,105080
2020-02-18,37.15,37.2,37.1,37.1,103200
2020-02-19,37.05,37.3,37.05,37.2,106313
2020-02-20,37.25,37.25,37.1,37.1,107050
2020-02-21,37.05,37.2,37.05,37.05,106100
2020-02-24,36.9,37.2,36.9,37.2,111150
2020-02-25,36.8,37.2,36.8,37.2,119100
2020-02-26,37.1,37.4,37.1,37.2,114000
2020-02-27,37.2,37.2,37.0,37.0,139300
2020-03-02,37.0,37.35,37.0,37.0,148301
2020-03-03,37.2,37.4,37.0,37.0,104150
2020-03-04,37.2,37.3,37.0,37.0,117200
2020-03-05,37.1,37.2,37.0,37.0,53150
2020-03-06,37.0,37.25,37.0,37.2,63950
2020-03-09,37.2,37.2,36.8,36.8,72750
2020-03-10,36.8,37.85,36.8,37.1,139150
2020-03-11,37.5,37.6,37.1,37.15,107175
2020-03-12,36.9,37.2,36.3,36.6,158625
2020-03-13,36.0,36.6,32.95,36.6,362800
2020-03-16,36.9,37.2,35.9,35.9,109450
2020-03-17,34.05,36.95,34.0,35.0,117928
2020-03-18,36.25,36.5,34.6,34.6,113712
2020-03-19,34.1,34.4,31.3,31.3,211250
2020-03-20,32.05,34.15,32.05,33.95,126000
2020-03-23,32.1,33.0,31.85,31.9,10000
2020-03-24,30.55,32.15,30.55,31.8,39748
2020-03-25,31.9,32.5,31.65,31.7,22000
2020-03-26,31.7,31.7,31.35,31.35,9600
2020-03-27,31.5,31.55,31.15,31.15,14120
2020-03-30,31.9,31.95,31.9,31.95,5233
2020-03-31,31.15,31.8,31.15,31.8,5014
2020-04-01,0.0,0.0,0.0,0.0,34
2020-04-06,31.8,31.85,31.7,31.7,3366
2020-04-07,31.95,32.5,31.95,32.5,15400
2020-04-08,31.55,31.8,31.45,31.6,12650
2020-04-09,31.45,31.9,31.45,31.5,6065
2020-04-10,31.3,31.45,31.3,31.45,15703
2020-04-13,31.85,31.85,31.45,31.45,12009
2020-04-14,31.3,31.65,31.3,31.5,19017
2020-04-15,31.8,32.5,31.7,32.5,22200
2020-04-16,32.9,33.5,32.65,32.9,38500
2020-04-17,33.2,33.2,32.6,33.0,26005
2020-04-20,32.75,33.35,32.75,33.35,15133
2020-04-21,35.0,35.0,33.45,33.75,46027
2020-04-22,33.7,34.95,33.6,34.95,14595
2020-04-23,34.55,34.95,34.1,34.95,16527
2020-04-24,34.4,35.0,34.4,35.0,8073
2020-04-27,35.1,35.3,35.0,35.3,14450
2020-04-28,34.55,35.3,34.55,35.3,4250
2020-04-29,35.3,35.9,35.3,35.9,38050
2020-04-30,35.4,36.2,35.4,36.2,26000
2020-05-04,35.65,36.9,35.65,35.95,61050
2020-05-05,35.6,35.8,35.6,35.8,7600
2020-05-06,35.85,36.4,35.8,36.4,44900
2020-05-07,36.2,36.6,36.2,36.5,29033
2020-05-08,36.0,36.6,36.0,36.6,27630
2020-05-11,35.75,36.65,35.75,36.5,11050
2020-05-12,37.0,37.0,36.2,36.2,6000
2020-05-13,36.2,37.0,36.0,36.95,12650
2020-05-14,0.0,0.0,0.0,0.0,0
2020-05-15,35.85,36.0,35.7,35.7,21512
2020-05-18,35.7,35.7,35.2,35.7,16004
2020-05-19,35.7,35.7,35.2,35.2,11191
2020-05-20,35.3,35.55,35.2,35.3,19050
2020-05-21,35.0,35.4,35.0,35.4,14300
2020-05-22,35.25,35.4,35.25,35.4,3080
2020-05-25,35.1,35.7,35.1,35.7,8050
2020-05-26,35.4,35.75,35.4,35.75,21500
2020-05-27,34.9,35.8,34.9,35.6,24200
2020-05-28,35.7,36.0,35.4,35.6,53300
2020-05-29,35.7,36.35,35.7,36.3,14783
2020-06-01,35.65,36.4,35.65,36.2,6100
2020-06-02,36.55,37.3,35.85,35.95,15100
2020-06-03,36.8,37.0,36.4,36.4,19150
2020-06-04,36.4,36.9,36.4,36.5,30000
2020-06-05,36.5,36.5,36.4,36.4,3100
2020-06-08,0.0,0.0,0.0,0.0,0
2020-06-09,36.0,36.4,36.0,36.4,6000
2020-06-10,35.9,36.5,35.9,36.0,8050
2020-06-11,36.0,36.0,35.7,35.75,10350
2020-06-12,35.6,35.75,35.6,35.75,2850
2020-06-15,0.0,0.0,0.0,0.0,550
2020-06-16,35.8,36.2,35.7,35.85,36915
2020-06-17,35.85,35.85,35.8,35.8,11000
2020-06-18,35.8,36.0,35.8,35.9,59200
2020-06-19,36.0,36.1,35.75,36.1,38455
2020-06-22,36.1,36.1,36.1,36.1,1050
2020-06-23,0.0,0.0,0.0,0.0,0
2020-06-24,35.8,36.1,35.8,36.1,9304
2020-06-29,35.8,36.0,35.7,36.0,7150
2020-06-30,36.0,36.0,36.0,36.0,10200
2020-07-01,35.7,36.1,35.7,36.1,35100
2020-07-02,35.75,36.6,35.75,36.15,14350
2020-07-03,36.45,37.5,36.25,37.5,112400
2020-07-06,41.2,41.2,40.0,40.55,271704
2020-07-07,40.45,40.65,38.5,39.5,90264
2020-07-08,39.45,39.45,38.9,39.35,17700
2020-07-09,39.0,39.05,38.6,38.6,34850
2020-07-10,38.3,38.3,37.4,37.7,47843
2020-07-13,37.15,37.65,37.15,37.65,14038
2020-07-14,37.65,37.65,37.5,37.5,24000
2020-07-15,37.05,37.6,37.05,37.6,25464
2020-07-16,37.6,37.6,37.35,37.5,12000
2020-07-17,38.35,38.35,37.55,37.85,35050
2020-07-20,37.65,37.85,37.25,37.25,7150
2020-07-21,37.6,37.6,37.1,37.15,13436
2020-07-22,37.0,37.9,37.0,37.5,8650
2020-07-23,37.85,37.85,37.0,37.5,14000
2020-07-24,38.1,39.15,37.55,37.55,55400
2020-07-27,36.1,36.3,35.0,35.0,48000
2020-07-28,35.0,36.0,35.0,35.05,9150
2020-07-29,35.15,36.35,35.15,36.35,3850
2020-07-30,36.4,37.0,36.35,37.0,49850
2020-07-31,37.55,37.55,36.1,36.1,5050
2020-08-03,37.1,37.1,36.2,36.2,15150
2020-08-04,34.85,36.4,34.1,35.2,31203
2020-08-05,35.2,35.5,35.2,35.3,3303
2020-08-06,35.55,35.55,35.15,35.2,12350
2020-08-07,35.0,36.4,35.0,36.4,13000
2020-08-10,35.6,35.6,35.5,35.55,14050
2020-08-11,35.2,35.2,35.2,35.2,2050
2020-08-12,35.3,35.3,35.3,35.3,5300
2020-08-13,35.4,35.4,35.2,35.3,9590
2020-08-14,32.5,34.8,32.5,34.3,19000
2020-08-17,35.45,35.45,35.45,35.45,2000
2020-08-18,34.5,34.5,34.5,34.5,1310
2020-08-19,34.5,34.5,34.0,34.05,20000
2020-08-20,33.1,33.1,32.8,32.8,16000
2020-08-21,33.0,33.2,33.0,33.2,11050
2020-08-24,0.0,0.0,0.0,0.0,50
2020-08-25,33.2,33.2,32.9,32.9,13363
2020-08-26,33.1,33.1,32.6,32.65,26333
2020-08-27,32.65,32.75,32.65,32.75,2000
2020-08-28,32.8,32.8,32.4,32.6,8400
2020-08-31,33.05,33.05,32.0,32.7,12100
2020-09-01,32.3,32.5,32.3,32.3,6600
2020-09-02,32.3,32.55,32.3,32.4,38050
2020-09-03,32.75,32.8,32.45,32.6,11000
2020-09-04,32.7,32.9,32.65,32.7,33500
2020-09-07,32.8,32.8,32.25,32.25,27800
2020-09-08,32.25,33.25,32.25,32.65,4250
2020-09-09,31.55,31.9,31.55,31.8,6000
2020-09-10,31.85,31.85,31.4,31.55,19000
2020-09-11,31.55,32.55,31.5,31.7,13000
2020-09-14,32.0,32.0,31.6,31.65,30084
2020-09-15,31.65,31.75,31.6,31.75,13000
2020-09-16,31.7,31.7,31.45,31.6,22127
2020-09-17,31.1,32.05,31.1,32.05,77450
2020-09-18,32.05,32.05,31.75,31.75,34070
2020-09-21,31.6,31.85,31.15,31.15,23030
2020-09-22,31.05,31.4,30.7,31.2,10477
2020-09-23,31.15,31.15,31.15,31.15,1050
2020-09-24,31.05,31.05,30.7,30.9,6000
2020-09-25,29.65,30.35,29.65,29.65,44050
2020-09-28,29.9,30.85,29.9,30.05,12100
2020-09-29,30.1,30.7,30.1,30.2,7000
2020-09-30,30.2,30.2,30.1,30.1,23001
2020-10-05,30.1,30.1,30.1,30.1,1000
2020-10-06,30.1,30.1,30.0,30.0,3600
2020-10-07,29.55,29.6,29.05,29.6,8000
2020-10-08,29.3,29.65,29.3,29.65,16000
2020-10-12,29.65,29.65,29.2,29.2,25250
2020-10-13,29.0,29.0,28.9,28.95,8101
2020-10-14,28.7,28.85,28.7,28.85,15166
2020-10-15,28.8,29.55,28.65,29.55,23149
2020-10-16,29.8,29.8,29.45,29.45,9050
2020-10-19,29.95,30.0,29.55,29.8,24150
2020-10-20,29.95,29.95,29.8,29.8,6100
2020-10-21,29.45,29.5,29.3,29.3,19000
2020-10-22,29.3,29.3,29.0,29.0,11100
2020-10-23,28.7,29.0,28.7,29.0,22514
2020-10-26,29.0,29.0,28.9,28.9,13000
2020-10-27,28.9,28.95,28.9,28.95,6500
2020-10-28,29.55,29.55,28.8,28.8,13300
2020-10-29,28.45,28.8,28.45,28.8,12104
2020-10-30,29.25,29.25,28.7,28.7,42107
2020-11-02,28.2,28.4,28.2,28.3,7000
2020-11-03,28.55,28.65,28.55,28.65,4027
2020-11-04,28.65,28.65,28.65,28.65,1000
2020-11-05,29.05,29.05,28.5,28.65,40007
2020-11-06,28.65,28.7,28.65,28.7,5250
2020-11-09,29.4,29.4,28.5,28.9,27415
2020-11-10,28.65,29.0,28.6,28.9,27100
2020-11-11,28.9,29.1,28.8,28.9,11050
2020-11-12,29.0,29.5,29.0,29.35,46400
2020-11-13,29.35,29.35,29.0,29.3,20000
2020-11-16,29.2,29.2,28.9,29.2,9000
2020-11-17,29.0,29.1,28.9,28.9,16000
2020-11-18,28.8,28.9,28.8,28.9,5300
2020-11-19,28.9,29.0,28.9,29.0,9205
2020-11-20,29.2,31.45,29.2,30.7,109800
2020-11-23,31.4,31.5,30.7,30.9,77238
2020-11-24,30.7,30.9,30.7,30.9,37915
2020-11-25,30.5,30.7,30.5,30.7,19000
2020-11-26,30.7,30.95,30.6,30.8,37000
2020-11-27,30.9,33.0,30.9,32.15,194638
2020-11-30,32.0,32.0,31.15,31.6,25145
2020-12-01,31.05,32.0,31.05,32.0,18250
2020-12-02,32.0,32.0,31.85,32.0,5990
2020-12-03,31.8,31.9,31.4,31.4,11214
2020-12-04,31.0,31.7,31.0,31.45,15785
2020-12-07,31.5,31.5,31.05,31.05,21552
2020-12-08,30.8,31.8,30.75,31.55,22250
2020-12-09,31.75,31.75,30.55,30.55,35626
2020-12-10,30.6,30.75,30.5,30.55,7150
2020-12-11,30.75,30.75,29.75,30.1,20390
2020-12-14,30.0,30.15,30.0,30.05,14100
2020-12-15,29.8,29.8,29.5,29.5,10250
2020-12-16,29.55,29.85,29.5,29.8,46153
2020-12-17,29.55,29.85,29.3,29.85,24203
2020-12-18,29.75,29.75,29.75,29.75,3100
2020-12-21,30.0,30.0,29.05,29.5,45850
2020-12-22,29.25,29.6,29.25,29.6,2000
2020-12-23,29.8,29.8,29.3,29.65,12300
2020-12-24,29.55,29.55,29.5,29.5,12267
2020-12-25,29.5,29.7,29.45,29.7,7050
2020-12-28,29.6,30.25,29.5,29.7,63250
2020-12-29,30.0,30.0,29.55,29.75,12492
2020-12-30,30.2,30.2,30.0,30.0,21350
2020-12-31,30.1,30.2,29.5,29.7,31171
2021-01-04,29.7,31.0,29.5,30.55,44300
2021-01-05,30.55,30.55,30.1,30.1,9250
2021-01-06,29.75,29.75,29.3,29.4,10350
2021-01-07,29.7,29.7,29.45,29.45,6582
2021-01-08,29.55,29.85,29.45,29.5,16694
2021-01-11,29.8,30.6,29.6,30.45,52150
2021-01-12,30.8,30.8,29.75,29.75,13257
2021-01-13,30.0,30.05,29.95,29.95,26000
2021-01-14,30.0,30.0,29.6,29.8,23151
2021-01-15,29.85,29.85,29.0,29.25,24000
2021-01-18,29.2,29.25,29.1,29.1,21365
2021-01-19,29.1,29.1,29.0,29.0,9150
2021-01-20,28.7,28.85,28.7,28.85,17000
2021-01-21,28.05,29.15,28.05,28.45,29087
2021-01-22,28.3,29.0,28.25,28.85,17351
2021-01-25,28.35,28.85,28.2,28.75,18854
2021-01-26,28.4,28.75,28.3,28.75,18400
2021-01-27,29.0,29.0,29.0,29.0,2000
2021-01-28,29.0,29.0,28.7,28.85,7000
2021-01-29,28.8,29.05,28.65,29.0,27045
2021-02-01,29.75,30.25,29.2,29.45,13120
2021-02-02,30.3,30.3,29.8,29.85,13000
2021-02-03,29.85,29.95,29.75,29.95,12951
2021-02-04,29.8,29.95,29.5,29.5,13500
2021-02-05,29.25,29.75,29.25,29.65,22001
2021-02-17,29.85,30.3,29.8,30.25,56200
2021-02-18,30.25,30.25,30.0,30.25,63596
2021-02-19,30.15,31.25,30.15,31.05,44294
2021-02-22,31.5,32.0,31.45,31.65,81825
2021-02-23,31.55,32.15,31.55,32.0,49049
2021-02-24,31.7,32.0,31.5,32.0,15250
2021-02-25,32.2,32.2,31.9,32.1,26018
2021-02-26,31.4,32.0,31.4,31.75,34477
2021-03-02,31.75,32.1,31.55,31.55,10064
2021-03-03,32.0,32.0,31.55,31.55,24153
2021-03-04,31.5,31.65,31.4,31.65,24326
2021-03-05,31.2,31.8,30.8,31.8,22105
2021-03-08,32.75,32.75,31.6,31.8,10784
2021-03-09,31.5,31.9,31.5,31.8,13231
2021-03-10,31.8,31.8,31.5,31.75,24100
2021-03-11,31.85,31.95,31.6,31.9,32250
2021-03-12,31.5,31.9,31.5,31.9,28000
2021-03-15,31.8,32.0,31.75,31.9,32032
2021-03-16,31.8,31.9,31.8,31.9,24000
2021-03-17,31.9,32.0,31.9,32.0,20002
2021-03-18,32.0,32.3,32.0,32.05,36000
2021-03-19,32.0,32.0,31.55,32.0,42000
2021-03-22,31.0,31.95,31.0,31.95,18154
2021-03-23,31.65,31.75,31.6,31.7,18500
2021-03-24,31.7,31.7,31.4,31.5,32001
2021-03-25,31.75,31.75,31.6,31.6,3000
2021-03-26,31.4,31.65,31.2,31.6,40050
2021-03-29,31.25,31.8,31.25,31.7,37100
2021-03-30,31.7,31.7,31.6,31.7,15052
2021-03-31,32.1,32.1,31.75,31.75,18456
2021-04-01,32.0,32.95,31.8,31.9,19250
2021-04-06,31.9,31.9,31.9,31.9,5803
2021-04-07,31.9,31.9,31.7,31.9,29052
2021-04-08,32.65,32.65,31.95,32.2,26056
2021-04-09,32.2,32.6,32.1,32.6,25435
2021-04-12,33.15,33.2,32.65,32.75,33525
2021-04-13,32.75,36.0,32.75,36.0,221314
2021-04-14,38.1,39.0,36.2,36.4,393024
2021-04-15,36.4,37.2,35.4,37.2,116825
2021-04-16,37.35,37.35,36.15,36.6,95106
2021-04-19,36.95,36.95,35.6,36.0,69350
2021-04-20,36.0,36.8,35.6,35.9,41309
2021-04-21,35.8,35.85,35.5,35.85,81600
2021-04-22,35.6,36.0,35.6,35.8,42115
2021-04-23,36.7,36.7,35.65,35.75,63643
2021-04-26,35.8,35.8,35.7,35.75,36784
2021-04-27,35.75,35.8,35.5,35.75,56430
2021-04-28,36.0,36.1,35.8,35.8,20651
2021-04-29,35.7,36.65,35.7,35.75,25001
2021-05-03,35.75,35.75,35.6,35.65,27310
2021-05-04,36.85,38.0,35.65,36.4,55311
2021-05-05,37.15,37.2,36.4,36.7,19300
2021-05-06,36.0,38.0,36.0,36.65,166343
2021-05-07,36.1,36.65,36.1,36.65,6351
2021-05-10,36.1,36.75,36.1,36.5,94822
2021-05-11,36.1,37.0,36.05,36.1,33001
2021-05-12,36.0,36.0,32.5,32.5,567103
2021-05-13,32.05,32.5,31.0,31.2,93416
2021-05-14,31.2,33.4,30.6,32.05,146000
2021-05-17,31.05,31.95,30.4,31.7,70320
2021-05-18,30.9,33.6,30.9,31.8,32048
2021-05-19,31.7,31.7,31.4,31.7,15057
2021-05-20,31.5,32.75,31.5,31.7,92050
2021-05-21,32.0,33.35,31.75,32.05,33405
2021-05-24,32.05,32.65,32.05,32.65,8003
2021-05-25,31.9,33.7,31.9,32.5,33800
2021-05-26,32.5,35.0,32.5,34.5,7129
2021-05-27,32.8,32.9,32.8,32.9,2000
2021-05-28,32.9,32.9,32.6,32.7,9435
2021-05-31,32.75,32.75,32.75,32.75,24184
2021-06-01,33.8,33.8,32.7,33.4,13800
2021-06-02,33.4,33.4,32.75,32.8,4003
2021-06-03,32.5,33.2,32.0,33.2,32000
2021-06-04,32.6,34.2,32.6,33.55,58365
2021-06-07,33.0,33.0,32.95,33.0,8002
2021-06-08,32.85,32.85,32.85,32.85,3000
2021-06-09,32.75,32.75,32.4,32.4,8199
2021-06-10,32.05,33.35,32.05,33.0,73858
2021-06-11,32.9,33.2,32.9,33.2,25455
2021-06-15,32.9,32.9,32.9,32.9,2102
2021-06-16,32.8,32.8,32.75,32.75,6001
2021-06-17,32.4,32.5,32.3,32.35,18103
2021-06-18,32.25,34.35,32.25,33.35,24251
2021-06-21,32.4,32.9,32.4,32.9,7000
2021-06-22,32.9,35.35,32.7,33.2,36478
2021-06-23,33.4,33.6,33.4,33.5,10079
2021-06-24,33.6,35.0,33.2,34.25,42600
2021-06-25,34.25,35.5,33.95,34.35,80000
2021-06-28,34.4,34.5,33.65,34.2,6100
2021-06-29,34.3,34.95,33.8,34.7,112850
2021-06-30,34.9,35.5,34.55,34.55,19050
2021-07-01,34.0,34.0,34.0,34.0,3155
2021-07-02,33.9,33.9,33.9,33.9,2006
2021-07-05,34.0,34.35,34.0,34.0,13000
2021-07-06,34.0,34.0,34.0,34.0,5087
2021-07-07,34.1,34.7,33.9,34.65,35400
2021-07-08,34.1,35.15,34.0,34.1,49253
2021-07-09,34.0,34.1,33.95,34.1,27150
2021-07-12,34.85,34.85,34.0,34.8,64750
2021-07-13,34.85,34.85,34.0,34.85,89734
2021-07-14,35.4,35.4,34.05,35.0,114000
2021-07-15,34.15,34.45,34.15,34.45,24003
2021-07-16,34.9,34.9,34.35,34.35,11315
2021-07-19,34.25,34.25,34.25,34.25,13284
2021-07-20,34.25,34.25,34.25,34.25,2306
2021-07-21,34.1,34.95,34.0,34.9,139849
2021-07-22,35.0,35.1,34.4,34.4,15174
2021-07-23,35.4,35.4,34.45,34.45,18502
2021-07-26,34.3,34.45,34.0,34.45,24500
2021-07-27,35.0,35.0,34.25,34.25,8100
2021-07-28,34.1,34.1,33.6,33.6,5073
2021-07-29,33.8,33.85,33.8,33.8,23001
2021-07-30,0.0,0.0,0.0,0.0,0
2021-08-02,34.4,34.4,33.85,34.15,29240
2021-08-03,34.3,34.3,33.8,34.15,10189
2021-08-04,0.0,0.0,0.0,0.0,300
2021-08-05,0.0,0.0,0.0,0.0,715
2021-08-06,33.8,34.1,33.7,34.1,14050
2021-08-09,34.1,34.1,34.1,34.1,1150
2021-08-10,33.7,33.95,33.6,33.95,11198
2021-08-11,34.35,34.35,33.6,34.15,23477
2021-08-12,0.0,0.0,0.0,0.0,0
2021-08-13,34.3,34.3,33.85,33.85,10002
2021-08-16,34.35,34.5,33.65,34.0,45003
2021-08-17,33.6,34.05,33.6,34.05,6008
2021-08-18,34.05,34.2,33.9,34.2,24150
2021-08-19,33.6,33.6,32.5,33.25,13453
2021-08-20,33.35,33.35,33.35,33.35,1443
2021-08-23,34.35,34.35,34.1,34.1,3320
2021-08-24,34.05,34.1,34.0,34.1,5492
2021-08-25,34.1,34.1,34.0,34.0,5100
2021-08-26,34.3,34.3,34.05,34.05,18107
2021-08-27,34.35,35.55,34.35,35.55,119212
2021-08-30,38.4,38.4,35.8,37.05,252018
2021-08-31,37.15,37.15,36.6,37.1,51370
2021-09-01,37.2,37.2,36.85,37.2,58249
2021-09-02,37.0,37.2,36.9,37.1,35358
2021-09-03,36.9,37.2,36.85,37.2,22350
2021-09-06,36.5,37.2,36.5,37.0,45120
2021-09-07,35.75,36.35,35.75,36.35,33000
2021-09-08,35.7,35.9,34.6,35.9,72635
2021-09-09,34.6,34.6,34.6,34.6,4000
2021-09-10,35.8,35.8,34.2,35.05,104107
2021-09-13,35.0,35.25,35.0,35.05,13000
2021-09-14,35.4,35.4,35.4,35.4,1000
2021-09-15,35.4,35.4,35.4,35.4,23113
2021-09-16,36.5,36.5,35.35,35.35,16203
2021-09-17,36.0,36.0,35.25,35.3,7248
2021-09-22,35.1,35.25,34.95,34.95,4201
2021-09-23,34.5,35.15,34.5,35.15,7007
2021-09-24,0.0,0.0,0.0,0.0,0
2021-09-27,34.65,35.15,34.65,35.15,14200
2021-09-28,35.0,35.1,34.75,35.1,18000
2021-09-29,34.75,35.0,34.75,35.0,20050
2021-09-30,34.9,34.9,34.9,34.9,2250
2021-10-01,34.4,34.9,34.1,34.9,16000
2021-10-04,34.3,34.7,34.2,34.2,21000
2021-10-05,33.1,34.45,33.1,34.15,74000
2021-10-06,0.0,0.0,0.0,0.0,0
2021-10-07,34.15,35.0,34.15,34.5,26200
2021-10-08,34.3,34.3,34.2,34.2,7100
2021-10-12,0.0,0.0,0.0,0.0,0
2021-10-13,34.5,34.5,34.0,34.3,10100
2021-10-14,34.3,34.3,33.8,34.15,22150
2021-10-15,36.8,36.8,33.95,34.4,68000
2021-10-18,34.0,34.25,34.0,34.25,3000
2021-10-19,34.25,34.6,33.9,34.6,11645
2021-10-20,34.85,34.85,34.85,34.85,3000
2021-10-21,34.8,34.8,34.25,34.55,13002
2021-10-22,0.0,0.0,0.0,0.0,0
2021-10-25,34.6,34.6,34.1,34.1,4099
2021-10-26,33.9,34.9,33.8,34.85,108850
2021-10-27,34.75,34.75,34.1,34.75,59389
2021-10-28,35.4,35.5,35.05,35.05,52150
2021-10-29,0.0,0.0,0.0,0.0,50
2021-11-01,35.05,35.3,34.4,34.7,31967
2021-11-02,34.3,35.0,34.3,34.3,24050
2021-11-03,34.3,34.5,34.3,34.5,5010
2021-11-04,34.5,34.5,34.2,34.5,6007
2021-11-05,34.4,34.65,34.4,34.6,9188
2021-11-08,34.6,35.15,34.6,34.85,15187
2021-11-09,34.6,35.45,34.6,35.0,8016
2021-11-10,34.6,35.05,34.25,34.85,30353
2021-11-11,34.1,34.85,34.05,34.55,37119
2021-11-12,34.2,34.65,34.05,34.65,73151
2021-11-15,34.25,34.8,34.25,34.7,13050
2021-11-16,34.7,35.5,34.7,35.5,32485
2021-11-17,35.5,35.5,35.05,35.25,11000
2021-11-18,35.8,36.0,35.4,35.5,68618
2021-11-19,35.6,35.6,35.1,35.5,46170
2021-11-22,35.2,35.65,35.2,35.6,14132
2021-11-23,0.0,0.0,0.0,0.0,450
2021-11-24,36.75,36.75,35.7,36.1,31095
2021-11-25,36.0,36.0,36.0,36.0,19000
2021-11-26,35.65,35.7,34.7,35.7,17000
2021-11-29,34.75,35.65,34.6,35.0,23100
2021-11-30,34.65,34.95,34.55,34.9,7600
2021-12-01,34.8,34.8,34.05,34.8,85000
2021-12-02,34.95,34.95,34.5,34.5,4000
2021-12-03,34.95,34.95,34.45,34.65,7600
2021-12-06,34.15,34.5,34.15,34.5,3294
2021-12-07,34.5,34.7,34.5,34.7,6004
2021-12-08,0.0,0.0,0.0,0.0,66
2021-12-09,34.5,34.85,34.25,34.85,43101
2021-12-10,34.5,35.55,34.4,34.8,39150
2021-12-13,34.75,35.7,34.75,35.7,10460
2021-12-14,35.5,35.5,35.2,35.2,3000
2021-12-15,35.5,36.0,35.5,35.8,21110
2021-12-16,36.3,36.45,35.7,35.8,42150
2021-12-17,35.75,36.05,35.6,36.05,13535
2021-12-20,35.3,35.6,35.3,35.35,18053
2021-12-21,35.35,35.35,35.35,35.35,5000
2021-12-22,35.5,35.6,35.0,35.5,26000
2021-12-23,35.5,35.65,35.1,35.3,16000
2021-12-24,0.0,0.0,0.0,0.0,100
2021-12-27,35.2,35.45,35.05,35.15,13296
2021-12-28,35.15,35.8,35.15,35.7,10496
2021-12-29,35.7,36.0,35.0,36.0,36050
2021-12-30,35.9,35.95,35.6,35.95,42108
2022-01-03,35.35,35.35,35.35,35.35,1005
2022-01-04,35.1,35.95,35.0,35.8,46200
2022-01-05,0.0,0.0,0.0,0.0,0
2022-01-06,35.8,36.1,35.8,36.05,36007
2022-01-07,36.0,36.0,35.85,35.85,5095
2022-01-10,35.4,36.8,35.4,36.6,58779
2022-01-11,36.65,36.65,35.45,35.45,11264
2022-01-12,35.5,35.5,35.5,35.5,2250
2022-01-13,35.3,35.6,35.3,35.6,4219
2022-01-14,35.6,35.6,35.6,35.6,6099
2022-01-17,35.35,35.9,35.35,35.9,7001
2022-01-18,36.15,36.15,35.35,35.5,18110
2022-01-19,34.95,35.4,34.95,35.4,19000
2022-01-20,36.2,36.2,35.4,35.4,6445
2022-01-21,35.4,35.5,35.4,35.4,9000
2022-01-24,34.6,35.65,34.6,35.35,5001
2022-01-25,35.45,35.45,35.2,35.35,10001
2022-01-26,35.0,36.0,35.0,35.45,17051
2022-02-07,35.4,35.7,35.35,35.7,7000
2022-02-08,35.5,35.5,35.5,35.5,1050
2022-02-09,36.2,36.5,35.5,35.5,7650
2022-02-10,35.8,35.8,35.45,35.45,4000
2022-02-11,35.45,35.45,35.45,35.45,2000
2022-02-14,35.35,35.35,35.35,35.35,1000
2022-02-15,35.0,35.2,34.9,35.0,36000
2022-02-16,34.5,35.3,34.5,35.0,59047
2022-02-17,35.2,35.2,34.9,35.1,9043
2022-02-18,35.4,35.4,34.75,35.3,4000
2022-02-21,34.85,35.3,34.75,35.3,10200
2022-02-22,35.25,35.25,35.25,35.25,1001
2022-02-23,34.85,35.15,34.85,34.95,17050
2022-02-24,34.95,35.0,34.5,34.85,35145
2022-02-25,34.95,36.0,34.9,34.9,3121
2022-03-01,34.75,35.0,34.7,34.75,35055
2022-03-02,35.25,35.25,33.85,34.7,65000
2022-03-03,0.0,0.0,0.0,0.0,0
2022-03-04,34.75,34.75,34.7,34.7,10000
2022-03-07,34.0,34.7,34.0,34.7,5000
2022-03-08,34.1,35.1,34.05,34.7,18030
2022-03-09,34.15,34.8,34.1,34.7,29030
2022-03-10,34.6,34.7,34.4,34.7,5072
2022-03-11,34.7,36.4,34.35,34.9,26000
2022-03-14,34.55,35.1,34.1,35.1,32300
2022-03-15,35.2,35.2,34.6,35.15,5023
2022-03-16,35.3,36.3,34.65,35.45,25151
2022-03-17,35.45,35.7,35.05,35.7,27035
2022-03-18,35.7,35.9,35.7,35.8,10113
2022-03-21,35.4,35.8,35.4,35.8,14000
2022-03-22,35.35,36.0,35.35,35.85,26615
2022-03-23,35.8,35.8,35.8,35.8,2001
2022-03-24,35.6,36.0,35.5,35.9,8001
2022-03-25,35.9,36.45,35.9,36.3,17314
2022-03-28,36.15,36.4,35.5,36.4,19011
2022-03-29,35.9,36.45,35.85,36.4,527350
2022-03-30,36.15,36.5,36.15,36.5,9250
2022-03-31,36.2,36.5,36.2,36.25,8000
2022-04-01,36.25,36.25,36.0,36.0,5134
2022-04-06,36.0,36.0,36.0,36.0,15071
2022-04-07,36.0,36.0,36.0,36.0,1430
2022-04-08,36.45,36.5,36.15,36.15,4283
2022-04-11,36.4,36.4,35.7,36.1,45190
2022-04-12,36.4,37.35,35.85,37.0,62300
2022-04-13,37.4,40.7,37.4,40.7,645497
2022-04-14,43.0,43.0,40.0,41.25,809172
2022-04-15,41.0,42.35,40.6,41.7,379603
2022-04-18,41.45,43.65,41.45,41.55,418747
2022-04-19,41.6,42.25,40.85,40.85,156451
2022-04-20,40.9,40.9,40.3,40.4,59500
2022-04-21,40.55,41.6,40.05,40.05,105780
2022-04-22,40.05,40.05,38.55,38.85,54651
2022-04-25,38.85,38.85,36.7,38.3,67200
2022-04-26,37.65,38.0,37.4,37.45,28001
2022-04-27,36.3,36.8,36.0,36.3,96819
2022-04-28,36.3,36.8,36.3,36.45,59523
2022-04-29,36.45,37.0,36.45,37.0,10028
2022-05-03,36.55,37.8,36.5,37.35,16500
2022-05-04,37.25,37.25,37.25,37.25,4000
2022-05-05,37.1,37.6,37.1,37.6,17501
2022-05-06,37.0,37.0,36.65,36.8,13700
2022-05-09,36.2,36.2,35.1,35.5,194050
2022-05-10,35.5,36.8,35.5,36.6,17030
2022-05-11,36.8,36.8,35.75,36.4,31000
2022-05-12,36.4,36.6,35.0,35.95,55002
2022-05-13,36.05,37.65,36.05,36.7,44290
2022-05-16,36.8,37.1,36.7,36.7,26000
2022-05-17,37.0,39.75,37.0,38.8,150053
2022-05-18,38.8,40.75,38.8,40.0,210742
2022-05-19,38.9,40.25,37.4,40.25,169050
2022-05-20,40.2,40.2,38.55,39.0,50140
2022-05-23,40.1,40.1,38.75,39.0,102050
2022-05-24,38.25,39.5,38.25,38.85,17002
2022-05-25,38.85,39.0,38.7,39.0,15200
2022-05-26,39.2,39.2,38.8,39.2,26030
2022-05-27,39.9,39.9,39.3,39.35,10300
2022-05-30,39.45,40.1,39.35,40.1,24643
2022-05-31,40.1,40.1,39.75,39.75,5670
2022-06-01,39.65,40.2,39.65,39.95,58011
2022-06-02,40.2,40.95,40.2,40.65,88160
2022-06-06,41.1,41.1,40.1,40.3,20300
2022-06-07,39.85,40.25,39.6,39.7,13011
2022-06-08,39.65,40.5,39.65,39.9,23491
2022-06-09,39.9,40.0,39.7,39.9,12013
2022-06-10,39.75,40.9,39.75,40.5,63246
2022-06-13,39.75,40.5,39.75,40.3,39000
2022-06-14,40.95,40.95,39.8,40.3,69094
2022-06-15,41.1,41.5,40.5,41.0,83300
2022-06-16,41.0,41.3,40.65,40.7,34159
2022-06-17,40.4,41.3,40.4,40.85,64140
2022-06-20,40.45,41.5,40.0,40.35,128108
2022-06-21,40.3,41.3,40.15,41.25,115457
2022-06-22,41.25,41.3,39.4,40.65,102000
2022-06-23,40.45,40.65,40.35,40.65,107000
2022-06-24,41.0,41.3,40.55,40.55,28119
2022-06-27,41.1,41.1,40.55,40.8,11170
2022-06-28,40.6,41.0,40.35,40.75,55050
2022-06-29,40.85,40.85,40.35,40.85,58003
2022-06-30,40.5,40.85,40.35,40.85,28000
2022-07-01,40.5,40.5,40.0,40.1,40298
2022-07-04,40.4,40.9,40.0,40.7,73407
2022-07-05,40.7,41.45,40.7,41.2,100139
2022-07-06,41.2,42.35,41.05,41.45,152428
2022-07-07,41.95,41.95,40.75,41.6,56227
2022-07-08,42.15,43.75,41.55,41.55,855076
2022-07-11,42.7,45.7,42.7,45.7,1827733
2022-07-12,46.1,47.3,41.15,41.15,1520967
2022-07-13,41.6,42.1,39.8,40.9,418246
2022-07-14,40.9,43.15,40.9,41.2,320033
2022-07-15,41.35,42.4,41.3,41.5,112353
2022-07-18,41.2,41.85,41.2,41.5,88550
2022-07-19,42.5,45.65,42.2,45.55,1691035
2022-07-20,45.95,46.25,44.15,45.7,1639434
2022-07-21,45.7,45.7,42.1,43.2,959428
2022-07-22,43.2,43.2,42.4,42.7,819092
2022-07-25,43.1,46.95,43.0,46.95,1826797
2022-07-26,48.75,49.65,45.9,45.9,1779564
2022-07-27,47.05,49.15,45.05,45.35,5390776
2022-07-28,45.75,49.85,45.6,49.85,4541364
2022-07-29,51.5,54.8,51.5,54.8,8260436
2022-08-01,56.5,60.0,56.2,59.0,11355555
2022-08-02,60.8,60.8,57.0,59.3,6362630
2022-08-03,59.3,60.0,55.6,56.8,4176208
2022-08-04,58.2,61.5,56.2,56.2,15751604
2022-08-05,55.6,61.8,54.0,61.8,14308674
2022-08-08,65.0,66.4,62.9,64.0,27704086
2022-08-09,62.1,62.7,58.8,59.8,8611650
2022-08-10,59.4,62.5,58.8,60.3,7501047
2022-08-11,64.5,64.7,60.9,61.2,9050750
2022-08-12,60.8,62.0,59.5,62.0,3739653
2022-08-15,61.6,62.7,60.8,61.2,2882122
2022-08-16,60.5,62.7,60.5,60.7,3419630
2022-08-17,60.3,62.8,58.8,62.8,5160234
2022-08-18,62.7,63.5,62.0,62.8,4469047
2022-08-19,64.2,69.0,62.0,62.4,14776771
2022-08-22,62.4,62.4,59.5,59.8,3622374
2022-08-23,59.7,60.5,59.1,60.2,1532648
2022-08-24,60.9,62.8,60.5,61.2,2498927
2022-08-25,62.4,67.3,61.5,67.3,12140623
2022-08-26,68.5,71.0,65.6,66.6,16592495
2022-08-29,64.6,66.5,63.9,64.1,3981575
2022-08-30,64.6,66.3,64.5,65.3,2960913
2022-08-31,64.8,66.0,64.4,64.5,2088131
2022-09-01,64.1,65.0,62.1,62.6,1964682
2022-09-02,62.8,63.5,60.3,61.4,2609405
2022-09-05,62.0,65.3,60.2,60.7,3676728
2022-09-06,61.9,62.0,57.2,57.6,2604466
2022-09-07,58.9,58.9,56.1,56.9,1132025
2022-09-08,57.9,58.8,56.9,57.3,1052330
2022-09-12,57.8,58.0,53.0,56.4,3672805
2022-09-13,57.5,57.5,55.3,56.1,1281881
2022-09-14,54.1,56.0,54.1,55.8,679766
2022-09-15,55.2,56.9,54.5,54.6,1252535
2022-09-16,54.7,57.5,53.4,56.2,2471933
2022-09-19,56.5,57.3,55.0,55.4,1947527
2022-09-20,56.2,57.1,55.0,55.0,965794
2022-09-21,55.1,55.5,52.8,52.8,1295795
2022-09-22,51.5,52.7,51.2,52.2,1564343
2022-09-23,52.1,52.6,49.9,50.0,1136302
2022-09-26,48.3,49.75,47.7,47.75,780828
2022-09-27,48.2,49.2,47.55,48.7,643948
2022-09-28,49.75,49.75,45.0,45.2,883978
2022-09-29,48.0,48.45,46.75,46.75,878474
2022-09-30,44.9,47.5,44.5,46.9,744562
2022-10-03,45.5,47.35,45.5,46.5,494749
2022-10-04,47.7,48.45,47.15,48.1,516183
2022-10-05,48.7,48.95,47.25,47.3,921388
2022-10-06,47.5,48.1,46.95,47.35,469280
2022-10-07,47.55,47.65,46.4,46.65,411172
2022-10-11,44.6,44.6,42.5,42.8,781049
2022-10-12,42.8,43.2,41.65,41.95,641915
2022-10-13,42.25,42.45,39.9,40.3,903572
2022-10-14,41.5,42.15,41.2,41.2,454608
2022-10-17,40.75,41.2,38.85,41.2,574381
2022-10-18,41.75,41.75,40.3,40.75,284024
2022-10-19,40.5,42.55,40.5,40.85,723586
2022-10-20,40.85,40.85,39.35,39.7,455444
2022-10-21,40.1,40.2,38.35,38.35,383402
2022-10-24,39.1,40.25,38.75,39.75,321144
2022-10-25,39.75,40.1,38.1,38.1,223441
2022-10-26,38.25,38.95,37.8,38.3,351641
2022-10-27,38.25,39.75,38.25,39.3,261863
2022-10-28,39.2,39.2,38.15,38.4,425264
2022-10-31,38.8,40.5,38.8,39.2,556047
2022-11-01,39.2,40.7,38.9,40.45,509982
2022-11-02,40.55,41.5,40.0,40.8,442443
2022-11-03,40.5,42.85,40.5,42.0,1044307
2022-11-04,43.0,44.4,42.05,42.2,3701533
2022-11-07,42.25,42.95,41.35,42.55,829200
2022-11-08,42.85,43.7,42.7,42.75,882922
2022-11-09,43.45,44.0,42.6,43.3,785119
2022-11-10,43.25,43.7,42.8,43.2,579000
2022-11-11,44.35,44.75,43.25,44.75,1460426
2022-11-14,44.75,44.75,43.25,43.6,1603564
2022-11-15,43.95,45.25,43.6,44.4,1081604
2022-11-16,44.45,44.8,43.75,44.2,605319
2022-11-17,44.1,46.2,44.1,45.1,1105659
2022-11-18,45.5,46.7,44.95,45.05,981737
2022-11-21,45.3,45.35,44.65,45.15,294623
2022-11-22,45.25,45.55,44.8,44.85,280623
2022-11-23,45.3,46.3,45.05,45.75,657399
2022-11-24,46.35,46.65,45.1,45.1,799969
2022-11-25,45.1,45.65,44.8,44.8,252099
2022-11-28,44.8,47.35,44.65,47.15,1329528
2022-11-29,46.8,51.0,46.35,50.9,6525276
2022-11-30,51.5,54.8,51.4,51.9,8017580
2022-12-01,52.6,53.6,52.2,53.0,3608301
2022-12-02,52.6,53.0,52.0,52.4,1383454
2022-12-05,52.8,52.8,51.4,51.7,1018279
2022-12-06,52.0,52.3,50.6,51.3,1007509
2022-12-07,51.5,51.8,49.2,49.75,971942
2022-12-08,50.0,51.4,49.8,51.0,698476
2022-12-09,51.8,51.8,50.3,50.4,600134
2022-12-12,50.4,52.4,49.9,51.6,832064
2022-12-13,51.8,52.3,51.0,51.1,696751
2022-12-14,51.1,51.7,51.0,51.2,297271
2022-12-15,51.3,51.7,50.7,51.3,282161
2022-12-16,49.6,52.2,49.6,50.1,538851
2022-12-19,50.0,50.3,49.2,50.1,271645
2022-12-20,49.85,50.4,47.9,48.0,377938
2022-12-21,48.2,48.7,46.65,46.85,311316
2022-12-22,47.15,47.45,46.25,46.4,423491
2022-12-23,45.8,46.15,45.3,45.85,285722
2022-12-26,45.85,46.75,45.55,46.3,206396
2022-12-27,46.25,46.45,45.6,45.6,152306
2022-12-28,45.1,45.15,44.1,44.1,366263
2022-12-29,43.55,44.1,43.3,43.75,156352
2022-12-30,44.6,44.6,43.6,43.6,144200
2023-01-03,43.3,44.35,43.3,44.35,74010
2023-01-04,44.35,45.15,44.35,44.7,192401
2023-01-05,44.85,45.3,44.35,44.4,170233
2023-01-06,44.25,45.45,44.25,45.0,275027
2023-01-09,45.2,46.15,45.1,45.8,246764
2023-01-10,45.8,47.15,45.5,46.7,574543
2023-01-11,46.7,46.7,45.6,45.9,217384
2023-01-12,45.9,46.3,45.3,45.35,105630
2023-01-13,45.9,45.9,44.6,44.85,166129
2023-01-16,44.6,44.95,44.35,44.8,61080
2023-01-17,45.15,47.0,44.9,46.65,491393
2023-01-30,47.7,48.4,47.05,47.75,434910
2023-01-31,47.75,48.7,47.45,47.85,339896
2023-02-01,48.0,49.4,48.0,48.6,366446
2023-02-02,48.6,49.1,48.2,48.55,285603
2023-02-03,48.55,49.45,47.7,47.7,575508
2023-02-06,47.7,48.45,47.35,47.7,505218
2023-02-07,48.25,49.8,48.1,48.35,720877
2023-02-08,48.75,48.85,48.25,48.5,291107
2023-02-09,48.5,49.1,48.35,48.7,218924
2023-02-10,48.7,48.7,47.35,48.0,422071
2023-02-13,47.8,47.95,47.5,47.6,72050
2023-02-14,47.6,48.9,47.6,48.45,203694
2023-02-15,48.45,49.1,48.05,48.8,199334
2023-02-16,48.95,49.5,48.3,48.75,223027
2023-02-17,48.7,48.85,47.85,48.5,239404
2023-02-20,48.5,50.2,48.5,49.9,467462
2023-02-21,50.5,50.5,49.5,49.5,341873
2023-02-22,49.2,50.4,48.7,50.0,517723
2023-02-23,51.0,51.8,50.0,51.2,1127655
2023-02-24,50.9,51.4,49.9,50.0,621306
2023-03-01,50.0,50.6,49.5,50.4,196842
2023-03-02,50.4,50.6,50.0,50.1,183331
2023-03-03,50.2,51.2,50.1,50.9,371825
2023-03-06,51.2,52.0,51.1,51.3,318382
2023-03-07,51.9,51.9,51.0,51.0,172664
2023-03-08,50.4,51.6,50.2,51.5,311441
2023-03-09,51.8,51.9,51.1,51.1,245481
2023-03-10,50.8,50.8,49.6,49.7,350166
2023-03-13,50.0,50.7,49.0,50.4,316046
2023-03-14,50.0,50.1,49.5,49.5,143858
2023-03-15,49.5,49.7,49.15,49.15,376181
2023-03-16,48.9,48.9,46.35,46.35,948024
2023-03-17,46.8,49.75,46.8,49.35,796625
2023-03-20,49.7,52.5,49.2,52.0,1177493
2023-03-21,52.5,54.3,52.0,52.6,1098578
2023-03-22,53.6,53.6,52.3,52.5,464483
2023-03-23,53.2,55.2,52.5,53.8,1360514
2023-03-24,54.0,54.7,53.9,54.3,616769
2023-03-27,54.4,54.6,53.8,53.9,391150
2023-03-28,53.8,53.9,52.3,53.4,363849
2023-03-29,53.7,54.0,52.1,52.7,332671
2023-03-30,53.3,53.6,52.0,53.2,533194
2023-03-31,53.7,53.9,52.7,53.9,314761
2023-04-06,54.0,55.8,53.5,55.6,602469
2023-04-07,56.3,57.1,54.5,54.9,875895
2023-04-10,54.9,54.9,53.8,54.5,343394
2023-04-11,54.4,54.9,54.1,54.6,260337
2023-04-12,55.0,55.1,53.8,54.5,489124
2023-04-13,55.1,55.1,53.8,54.3,263193
2023-04-14,54.1,54.7,53.2,53.5,271262
2023-04-17,53.8,55.0,53.5,54.8,322055
2023-04-18,54.9,56.0,54.5,55.3,641696
2023-04-19,56.0,56.2,54.7,55.2,394685
2023-04-20,55.2,55.4,53.9,54.2,370538
2023-04-21,54.2,54.2,51.2,51.2,429111
2023-04-24,51.1,52.3,50.5,51.4,128545
2023-04-25,51.8,51.8,48.7,48.9,303458
2023-04-26,49.0,49.1,48.0,48.85,195321
2023-04-27,48.45,48.9,47.5,48.6,215770
2023-04-28,49.4,50.3,48.95,50.3,117327
2023-05-02,50.0,51.7,49.9,51.5,246400
2023-05-03,51.0,54.3,51.0,54.1,524862
2023-05-04,54.0,55.4,53.3,54.2,960392
2023-05-05,54.5,55.6,54.2,55.3,592461
2023-05-08,56.5,56.5,54.2,54.2,301073
2023-05-09,54.5,54.6,53.0,53.9,409968
2023-05-10,53.4,53.4,51.9,52.8,215624
2023-05-11,52.2,52.2,47.7,47.7,539306
2023-05-12,46.7,48.5,46.7,47.75,357964
2023-05-15,48.0,48.0,45.85,46.75,266842
2023-05-16,47.1,49.15,47.1,48.55,242311
2023-05-17,49.0,49.8,48.65,49.45,130972
2023-05-18,49.7,50.7,49.6,50.0,163792
2023-05-19,50.3,51.0,49.6,50.4,265073
2023-05-22,50.3,50.7,50.2,50.6,62696
2023-05-23,50.6,51.5,49.95,51.2,94094
2023-05-24,50.4,52.0,50.4,51.8,126935
2023-05-25,51.5,51.7,50.6,51.7,76504
2023-05-26,51.7,51.7,50.4,51.6,103656
2023-05-29,51.6,52.2,51.5,51.9,75882
2023-05-30,51.9,52.3,51.6,51.9,92125
2023-05-31,51.6,53.2,51.6,52.3,72496
2023-06-01,52.3,52.7,52.0,52.4,133356
2023-06-02,52.9,52.9,52.1,52.8,151334
2023-06-05,52.5,52.6,52.1,52.1,72350
2023-06-06,52.4,52.4,50.3,51.0,100404
2023-06-07,51.0,51.8,51.0,51.3,71296
2023-06-08,50.3,51.2,49.8,50.8,134116
2023-06-09,51.5,52.4,51.1,51.7,149805
2023-06-12,50.9,51.5,50.0,51.4,103061
2023-06-13,51.4,52.7,51.0,52.7,248765
2023-06-14,52.1,52.4,51.7,52.0,33380
2023-06-15,52.2,52.2,51.4,51.6,77018
2023-06-16,51.0,51.6,50.7,51.4,267327
2023-06-19,51.1,51.4,51.0,51.1,35342
2023-06-20,51.1,51.1,50.6,50.9,51013
2023-06-21,50.9,50.9,50.4,50.9,52530
2023-06-26,50.9,51.3,49.65,50.7,64349
2023-06-27,50.7,50.7,49.6,49.7,81523
2023-06-28,50.3,50.3,49.8,49.85,68436
2023-06-29,50.6,53.8,50.6,53.1,457398
2023-06-30,53.2,53.2,51.4,51.4,173800
2023-07-03,51.4,53.2,51.1,52.8,191094
2023-07-04,53.0,53.8,52.1,53.8,401412
2023-07-05,55.0,55.0,53.2,53.6,207926
2023-07-06,53.5,53.7,52.3,53.1,246412
2023-07-07,52.0,56.2,51.3,54.6,705663
2023-07-10,54.5,55.6,54.1,54.8,306672
2023-07-11,54.9,55.2,51.9,54.2,320073
2023-07-12,54.4,54.5,53.0,53.1,143514
2023-07-13,53.6,58.4,53.6,58.4,918573
2023-07-14,63.4,64.2,59.0,64.2,4168032
2023-07-17,70.6,70.6,70.6,70.6,1412139
2023-07-18,77.6,77.6,73.0,77.6,6439818
2023-07-19,76.0,81.8,75.0,76.9,4890143
2023-07-20,79.0,83.0,74.1,74.1,4501221
2023-07-21,73.3,76.5,73.1,75.1,784356
2023-07-24,76.0,76.8,73.0,75.0,673616
2023-07-25,75.1,75.1,72.8,72.8,446190
2023-07-26,73.9,73.9,70.0,70.0,454646
2023-07-27,70.7,73.0,68.5,72.4,696402
2023-07-28,72.4,76.9,70.0,76.4,670218
2023-07-31,78.1,80.2,72.2,74.1,1119215
2023-08-01,74.0,76.4,72.8,73.8,328151
2023-08-02,73.4,74.6,66.5,66.8,566581
2023-08-04,66.1,66.8,64.0,64.4,374138
2023-08-07,64.5,70.8,64.5,70.8,809751
2023-08-08,71.4,71.4,65.0,66.5,1159693
2023-08-09,67.0,69.3,65.1,65.2,717475
2023-08-10,63.8,63.8,58.7,59.3,1213147
2023-08-11,60.3,62.9,60.2,61.4,497047
2023-08-14,60.6,60.6,58.6,59.9,246219
2023-08-15,60.8,61.8,59.8,61.0,286596
2023-08-16,61.0,63.7,59.0,61.5,557651
2023-08-17,60.7,63.8,60.7,63.4,414197
2023-08-18,64.3,69.2,63.5,64.2,1222094
2023-08-21,64.2,66.3,62.6,64.4,402167
2023-08-22,66.3,66.3,63.0,63.0,395003
2023-08-23,63.0,64.0,62.1,62.7,171167
2023-08-24,63.0,65.1,60.7,61.0,340219
2023-08-25,61.2,63.5,59.2,61.0,319168
2023-08-28,61.0,61.1,58.8,60.0,399178
2023-08-29,60.1,60.9,59.6,60.3,107500
2023-08-30,60.6,60.7,59.7,60.0,168054
2023-08-31,60.1,61.9,59.7,60.1,206482
2023-09-01,60.3,60.5,59.4,59.7,228898
2023-09-04,59.5,59.6,56.4,56.5,415085
2023-09-05,56.3,56.9,55.1,56.3,275448
2023-09-06,57.2,60.2,55.8,58.9,627188
2023-09-07,58.9,59.3,57.6,58.6,167404
2023-09-08,59.1,59.6,57.9,57.9,212963
2023-09-11,58.7,58.7,56.0,56.0,173426
2023-09-12,55.2,56.3,54.1,55.4,159500
2023-09-13,55.4,58.5,55.4,57.2,310521
2023-09-14,59.0,62.9,57.4,62.9,1465155
2023-09-15,65.5,69.1,64.5,67.8,5891773
2023-09-18,67.4,74.0,67.4,68.5,4947904
2023-09-19,68.9,70.0,64.9,66.5,1996583
2023-09-20,65.9,69.8,65.8,67.9,2079113
2023-09-21,67.5,67.5,65.2,65.6,830384
2023-09-22,65.5,72.1,65.1,72.1,3172688
2023-09-25,74.9,78.1,70.9,72.8,6787469
2023-09-26,72.2,80.0,72.1,80.0,6640533
2023-09-27,82.1,83.8,75.4,75.5,15801462
2023-09-28,76.8,79.9,75.7,76.1,4856397
2023-10-02,76.8,78.0,73.8,73.8,2681046
2023-10-03,74.1,80.7,73.8,78.5,6930190
2023-10-04,77.9,78.6,75.5,78.5,2682618
2023-10-05,79.3,80.7,76.6,76.8,3122610
2023-10-06,77.4,77.4,74.5,74.5,1070815
2023-10-11,74.5,74.6,67.7,67.7,2028147
2023-10-12,69.0,72.0,68.1,69.8,2382781
2023-10-13,69.4,76.5,68.8,74.3,5905483
2023-10-16,74.9,79.0,74.4,77.0,5070508
2023-10-17,77.7,80.9,72.7,73.8,7102987
2023-10-18,74.0,79.5,70.4,74.6,3850884
2023-10-19,74.3,77.8,74.0,76.0,4328327
2023-10-20,75.9,77.6,74.2,74.4,3723086
2023-10-23,74.4,75.8,71.3,71.3,1696909
2023-10-24,72.0,78.4,71.2,78.4,4839362
2023-10-25,79.5,80.5,76.5,78.4,5701405
2023-10-26,77.4,86.2,76.6,86.2,9958992
2023-10-27,89.5,91.8,79.5,80.3,29199498
2023-10-30,80.6,80.6,76.5,76.7,5999149
2023-10-31,77.4,79.5,72.2,72.9,5131633
2023-11-01,75.0,78.5,73.4,76.0,5468123
2023-11-02,77.6,78.9,75.4,76.1,4134171
2023-11-03,77.4,78.0,74.6,74.7,2271119
2023-11-06,75.7,77.8,75.1,76.3,2094649
2023-11-07,76.0,77.6,75.0,75.0,1729599
2023-11-08,75.2,76.1,73.9,74.1,1370090
2023-11-09,73.4,74.2,69.2,70.8,2548443
2023-11-10,70.4,71.1,69.2,69.5,848680
2023-11-13,69.8,71.3,69.2,70.4,943992
2023-11-14,70.8,71.9,70.2,71.2,880789
2023-11-15,72.2,73.4,71.1,71.8,1538864
2023-11-16,71.8,72.6,71.0,71.3,623780
2023-11-17,71.0,71.4,70.3,71.0,523690
2023-11-20,71.1,72.3,71.1,71.7,499761
2023-11-21,71.9,78.2,71.9,76.3,5875782
2023-11-22,76.3,77.7,74.6,76.0,3786878
2023-11-23,76.0,76.0,72.2,72.2,1539209
2023-11-24,72.8,73.2,72.0,72.0,553375
2023-11-27,72.0,72.3,70.9,71.6,424224
2023-11-28,71.4,73.2,71.4,72.3,523744
2023-11-29,72.1,75.8,72.1,73.6,2351578
2023-11-30,74.0,75.1,73.0,73.9,659475
2023-12-01,73.9,75.5,73.5,74.4,766942
2023-12-04,74.4,75.2,72.9,73.3,599011
2023-12-05,73.1,73.3,71.0,71.1,563460
2023-12-06,71.2,72.2,71.2,71.4,444488
2023-12-07,71.5,72.0,69.5,69.5,723050
2023-12-08,67.0,68.3,65.6,66.6,1423047
2023-12-11,67.4,69.8,66.5,67.5,1456170
2023-12-12,68.0,68.4,66.5,67.5,485433
2023-12-13,67.0,68.1,66.7,66.7,257709
2023-12-14,67.0,67.9,66.7,66.7,414659
2023-12-15,67.9,68.0,66.1,66.4,372253
2023-12-18,65.8,67.4,65.8,66.4,206985
2023-12-19,66.4,67.0,65.2,65.2,347319
2023-12-20,66.1,66.6,65.2,65.2,240259
2023-12-21,66.0,66.0,64.0,64.1,377287
2023-12-22,64.1,64.8,64.0,64.0,247798
2023-12-25,64.5,66.0,63.7,65.3,447690
2023-12-26,65.1,65.7,65.1,65.6,180324
2023-12-27,65.8,67.5,65.3,66.8,444105
2023-12-28,67.2,71.8,67.2,68.8,1912841
2023-12-29,70.0,71.3,69.3,70.3,1274763
2024-01-02,70.1,71.7,70.1,70.1,578880
2024-01-03,70.5,71.0,69.2,70.5,458381
2024-01-04,70.5,70.9,68.2,68.2,523234
2024-01-05,68.8,69.9,68.2,68.6,390992
2024-01-08,69.6,70.5,69.1,69.2,575973
2024-01-09,69.9,69.9,66.5,67.2,445649
2024-01-10,65.0,66.5,64.6,65.0,813135
2024-01-11,65.6,68.8,65.2,68.2,997492
2024-01-12,68.0,71.4,67.5,69.0,1573807
2024-01-15,69.2,70.0,68.6,69.6,632703
2024-01-16,69.6,70.3,68.8,69.8,792912
2024-01-17,70.4,71.4,69.8,70.5,1594538
2024-01-18,70.8,71.9,69.6,71.0,1393274
2024-01-19,71.5,71.9,70.6,71.2,720236
2024-01-22,71.1,71.7,70.2,70.9,706372
2024-01-23,71.4,74.3,71.1,72.9,1920691
2024-01-24,72.9,75.8,72.9,74.1,1724757
2024-01-25,74.2,74.6,72.6,73.4,541022
2024-01-26,73.6,75.6,73.2,74.6,1309037
2024-01-29,75.3,82.0,73.7,82.0,5715380
2024-01-30,81.3,84.9,80.0,83.1,7942261
2024-01-31,82.7,91.4,81.9,91.4,8688026
2024-02-01,92.5,95.5,90.4,93.3,12657426
2024-02-02,93.6,100.5,90.1,93.0,11458305
2024-02-05,93.9,95.5,91.9,92.9,4243054
2024-02-15,94.2,102.0,92.5,102.0,5742999
2024-02-16,105.5,112.0,104.0,112.0,5656386
2024-02-19,114.5,123.0,105.0,123.0,10218961
2024-02-20,126.0,128.0,118.0,125.0,10225006
2024-02-21,125.5,137.5,123.0,137.5,9867382
2024-02-22,143.5,151.0,143.0,151.0,4785933
2024-02-23,158.5,161.5,141.5,145.5,19853290
2024-02-26,145.5,148.0,142.0,146.5,1267831
2024-02-27,148.0,148.0,137.0,142.5,1367989
2024-02-29,144.0,147.5,144.0,146.5,604060
2024-03-01,146.5,150.0,143.0,150.0,941273
2024-03-04,154.5,155.0,148.5,150.0,1164109
2024-03-05,149.0,152.0,147.5,147.5,514806
2024-03-06,144.5,155.0,144.0,155.0,1037306
2024-03-07,153.0,154.0,145.0,146.5,1062054
2024-03-08,141.5,141.5,132.0,132.0,2598171
2024-03-11,128.0,136.5,126.0,134.0,1219473
2024-03-12,133.0,142.5,133.0,140.0,1190587
2024-03-13,139.5,143.0,130.5,133.0,1030665
2024-03-14,129.5,129.5,120.0,120.0,2898274
2024-03-15,115.5,132.0,114.5,119.0,7547905
2024-03-18,120.5,128.0,120.5,124.0,3501617
2024-03-19,122.5,126.5,121.0,121.5,2056613
2024-03-20,121.5,127.0,121.0,122.0,2679807
2024-03-21,125.0,126.5,120.5,123.5,1836241
2024-03-22,125.0,135.0,124.0,129.5,7532147
2024-03-25,130.5,141.5,129.0,137.0,5841392
2024-03-26,142.5,146.0,130.0,132.0,8953554
2024-03-27,131.5,133.0,128.0,129.0,2369704
2024-03-28,129.0,141.0,128.5,138.0,5143756
2024-03-29,139.0,142.5,135.0,140.5,5650828
2024-04-01,141.0,141.5,135.0,138.0,4287830
2024-04-02,139.0,144.5,136.0,143.5,3978373
2024-04-03,141.0,141.5,135.0,136.0,3091004
2024-04-08,136.0,148.5,136.0,142.5,5988446
2024-04-09,144.5,148.0,140.0,141.0,6273062
2024-04-10,141.0,148.0,137.0,140.5,5627423
2024-04-11,141.0,141.5,135.0,135.5,3097547
2024-04-12,137.0,145.5,136.5,143.0,3542731
2024-04-15,140.0,142.0,136.5,136.5,1680104
2024-04-16,136.0,136.0,128.0,130.5,1729811
2024-04-17,133.0,140.0,132.0,137.5,1920628
2024-04-18,135.5,141.0,135.0,137.5,1503904
2024-04-19,139.0,140.0,128.0,128.5,2312103
2024-04-22,128.0,129.5,122.0,122.0,1498036
2024-04-23,125.0,128.5,122.5,124.0,808365
2024-04-24,127.0,131.5,127.0,129.0,1047529
2024-04-25,129.0,140.0,126.5,134.0,3886844
2024-04-26,138.5,144.5,127.0,127.0,8934078
2024-04-29,129.5,133.0,126.0,132.0,3410472
2024-04-30,132.5,145.0,129.5,145.0,7650314
2024-05-02,148.5,159.5,141.0,159.5,21617540
2024-05-03,164.0,172.0,153.0,161.0,36073304
2024-05-06,164.5,176.0,160.0,172.0,26420507
2024-05-07,172.0,173.5,167.0,172.5,11257557
2024-05-08,170.5,177.5,167.5,168.5,9258153
2024-05-09,168.5,169.0,162.0,166.0,2003932
2024-05-10,168.0,173.5,168.0,169.5,2690266
2024-05-13,171.0,173.5,166.0,172.0,1270260
2024-05-14,173.5,173.5,169.0,169.0,862427
2024-05-15,171.5,180.0,170.5,176.0,2475086
2024-05-16,179.0,182.5,173.0,180.0,1969202
2024-05-17,178.5,181.0,176.0,178.0,706734
2024-05-20,180.0,182.5,177.0,180.5,778796
2024-05-21,178.5,181.0,177.5,181.0,689178
2024-05-22,176.0,178.5,175.5,178.0,487315
2024-05-23,176.5,176.5,168.0,169.0,853447
2024-05-24,169.0,171.5,166.5,170.0,597185
2024-05-27,172.0,179.5,171.5,176.5,426570
2024-05-28,179.0,180.0,176.5,178.0,319333
2024-05-29,179.0,179.0,173.0,173.0,285466
2024-05-30,170.0,175.0,170.0,170.5,237887
2024-05-31,175.5,181.5,174.0,181.5,633431
2024-06-03,182.5,191.0,182.5,189.0,614358
2024-06-04,192.0,196.5,188.0,190.5,733043
2024-06-05,205.0,209.5,203.0,209.5,1692293
2024-06-06,230.0,230.0,203.5,230.0,12710503
2024-06-07,230.0,253.0,223.0,246.5,17212780
2024-06-11,262.0,265.0,251.0,255.0,9062757
2024-06-12,246.5,262.0,246.5,256.0,1017040
2024-06-13,260.0,262.0,251.5,257.5,914544
2024-06-14,263.0,282.5,263.0,282.5,909413
2024-06-17,296.5,309.0,293.5,309.0,735429
2024-06-18,307.5,307.5,295.0,297.5,524814
2024-06-19,304.5,304.5,268.0,268.0,1162599
2024-06-20,275.0,294.5,275.0,294.5,473205
2024-06-21,298.0,316.5,298.0,315.5,865203
2024-06-24,319.5,319.5,310.5,319.0,408691
2024-06-25,311.5,323.0,301.0,321.0,370727
2024-06-26,327.5,330.0,315.5,330.0,234534
2024-06-27,321.0,346.5,321.0,340.0,411202
2024-06-28,333.5,353.0,320.0,336.5,4983831
2024-07-01,340.0,370.0,316.0,365.0,7179116
2024-07-02,352.5,365.0,340.5,350.0,4329049
2024-07-03,355.5,384.5,345.5,363.0,5726767
2024-07-04,366.5,399.0,366.0,399.0,4348717
2024-07-05,423.0,438.5,410.0,438.5,5907334
2024-07-08,395.5,409.5,395.0,395.0,5113665
2024-07-09,395.0,408.5,369.0,393.0,6455806
2024-07-10,431.5,432.0,416.5,432.0,2422603
2024-07-11,470.0,475.0,456.0,475.0,2559124
2024-07-12,468.5,495.0,452.0,474.5,8214944
2024-07-15,488.5,492.0,465.0,468.0,3357085
2024-07-16,478.0,514.0,470.5,514.0,4223084
2024-07-17,533.0,558.0,515.0,527.0,9800057
2024-07-18,511.0,543.0,500.0,543.0,839531
2024-07-19,541.0,541.0,520.0,535.0,719016
2024-07-22,500.0,500.0,481.5,481.5,178147
2024-07-23,481.0,481.5,433.5,433.5,459971
2024-07-26,388.5,430.0,388.5,430.0,803641
2024-07-29,430.0,446.5,411.0,411.0,479021
2024-07-30,397.0,452.0,397.0,452.0,374146
2024-07-31,446.5,475.0,446.5,457.5,218918
2024-08-01,467.5,485.0,467.5,485.0,218261
2024-08-02,470.0,517.0,470.0,480.0,304569
2024-08-05,436.0,451.0,432.0,432.0,981563
2024-08-06,446.0,461.0,389.0,396.0,3817002
2024-08-07,364.5,417.0,364.5,384.0,4670788
2024-08-08,374.0,394.5,349.5,380.5,4442850
2024-08-09,392.5,411.0,342.5,342.5,6697471
2024-08-12,343.0,376.5,340.5,376.5,6353242
2024-08-13,380.5,389.0,356.0,367.0,6910906
2024-08-14,378.0,402.0,374.0,387.0,5296354
2024-08-15,384.5,409.0,372.0,402.0,5999640
2024-08-16,415.0,424.0,387.5,400.0,6744703
2024-08-19,400.0,417.0,395.0,405.0,4001271
2024-08-20,410.0,445.5,408.0,445.5,5130716
2024-08-21,448.0,448.0,422.5,437.5,7511993
2024-08-22,445.0,452.0,417.0,419.0,5540103
2024-08-23,412.0,459.0,412.0,450.5,9133044
2024-08-26,461.5,474.0,435.5,442.0,7763142
2024-08-27,445.5,468.5,441.0,454.5,6658196
2024-08-28,457.0,475.0,447.0,451.0,8479864
2024-08-29,446.0,465.0,440.5,449.5,5971348
2024-08-30,455.5,460.0,407.5,408.0,8578760
2024-09-02,414.0,428.0,393.0,399.0,6887206
2024-09-03,407.5,407.5,386.0,390.5,4236698
2024-09-04,359.0,385.0,352.0,368.0,4751563
2024-09-05,375.0,384.5,366.0,367.5,4641950
2024-09-06,371.0,383.0,368.0,372.0,3166244
2024-09-09,361.0,374.0,360.0,361.5,2973740
2024-09-10,369.0,372.0,333.0,343.0,6262889
2024-09-11,340.0,346.5,326.5,334.5,5480700
2024-09-12,345.0,359.5,340.5,354.0,4187132
2024-09-13,359.0,361.0,335.5,337.0,4016144
2024-09-16,340.0,350.0,335.0,348.0,3409450
2024-09-18,348.0,380.0,348.0,360.5,8236202
2024-09-19,364.0,369.0,348.5,369.0,5060328
2024-09-20,375.5,378.0,361.0,367.5,6189503
2024-09-23,372.0,376.5,365.0,371.5,2720806
2024-09-24,373.0,388.0,361.5,367.0,5493035
2024-09-25,373.0,379.0,367.5,367.5,3071612
2024-09-26,370.5,386.5,360.5,381.5,4197182
2024-09-27,392.0,397.5,368.0,375.0,6539448
2024-09-30,370.0,379.5,365.0,374.0,2281294
2024-10-01,372.0,379.5,367.0,369.0,2752526
2024-10-04,369.0,372.5,356.0,361.0,2602001
2024-10-07,363.5,397.0,357.0,397.0,5093596
2024-10-08,397.0,404.5,384.0,392.5,6294571
2024-10-09,396.0,422.0,389.5,412.5,10282180
2024-10-11,422.0,451.0,421.5,422.5,9380442
2024-10-14,427.0,464.5,422.0,464.5,11364542
2024-10-15,472.5,484.5,447.0,457.0,15163687
2024-10-16,450.0,464.5,439.0,459.5,7022575
2024-10-17,462.0,462.0,427.0,432.0,7872211
2024-10-18,435.0,449.5,428.5,440.5,5142010
2024-10-21,446.0,477.0,445.0,461.0,6990521
2024-10-22,469.0,496.0,460.0,493.5,10544687
2024-10-23,491.5,528.0,482.0,522.0,11570129
2024-10-24,515.0,535.0,500.0,504.0,10209950
2024-10-25,517.0,517.0,485.0,485.0,7553654
2024-10-28,485.0,493.0,453.5,454.0,7894804
2024-10-29,454.5,485.0,441.0,479.0,8862965
2024-10-30,483.0,487.5,466.0,469.5,8254800
2024-11-01,456.5,496.0,456.5,491.5,8983376
2024-11-04,491.5,525.0,482.0,520.0,11162000
2024-11-05,520.0,535.0,516.0,525.0,9259986
2024-11-06,526.0,526.0,506.0,510.0,1004948
2024-11-07,517.0,528.0,511.0,523.0,962447
2024-11-08,530.0,530.0,507.0,523.0,890464
2024-11-11,529.0,535.0,523.0,534.0,990850
2024-11-12,528.0,534.0,523.0,533.0,577404
2024-11-13,531.0,531.0,508.0,510.0,719189
2024-11-14,515.0,528.0,515.0,515.0,576668
2024-11-15,521.0,523.0,502.0,508.0,404872
2024-11-18,502.0,513.0,475.0,475.0,761735
2024-11-19,479.0,521.0,479.0,521.0,775670
2024-11-20,520.0,542.0,482.0,497.0,6786280
2024-11-21,486.5,513.0,482.5,509.0,3866149
2024-11-22,518.0,520.0,500.0,504.0,2359515
2024-11-25,508.0,542.0,508.0,533.0,4952383
2024-11-26,530.0,532.0,503.0,508.0,3650336
2024-11-27,516.0,528.0,491.0,499.5,5923163
2024-11-28,507.0,510.0,483.0,489.0,3466448
2024-11-29,489.0,508.0,481.0,505.0,2939586
2024-12-02,506.0,513.0,495.0,496.5,2718189
2024-12-03,505.0,518.0,492.0,492.0,4217439
2024-12-04,496.5,515.0,495.0,508.0,3670484
2024-12-05,517.0,538.0,503.0,528.0,6176448
2024-12-06,524.0,530.0,505.0,506.0,3729564
2024-12-09,510.0,556.0,505.0,556.0,7429586
2024-12-10,550.0,578.0,541.0,548.0,10467816
2024-12-11,546.0,602.0,538.0,602.0,10616345
2024-12-12,600.0,615.0,593.0,604.0,8656418
2024-12-13,598.0,638.0,598.0,627.0,7394017
2024-12-16,606.0,606.0,565.0,565.0,957156
2024-12-17,550.0,565.0,546.0,554.0,497015
2024-12-18,554.0,592.0,540.0,585.0,452572
2024-12-19,570.0,588.0,570.0,575.0,282857
2024-12-20,580.0,593.0,575.0,578.0,250115
2024-12-23,586.0,630.0,586.0,618.0,559255
2024-12-24,624.0,632.0,605.0,616.0,222418
2024-12-25,627.0,632.0,625.0,632.0,225923
2024-12-26,630.0,635.0,622.0,635.0,152045
2024-12-27,645.0,661.0,641.0,649.0,293419
2024-12-30,643.0,657.0,643.0,654.0,131331
2024-12-31,644.0,650.0,631.0,650.0,244243
2025-01-02,654.0,666.0,599.0,599.0,6196461
2025-01-03,608.0,622.0,565.0,570.0,4621902
2025-01-06,582.0,590.0,552.0,572.0,4720164
2025-01-07,576.0,602.0,567.0,589.0,4133757
2025-01-08,593.0,622.0,580.0,616.0,5537806
2025-01-09,596.0,609.0,585.0,585.0,552230
2025-01-10,623.0,623.0,605.0,606.0,638905
2025-01-13,590.0,590.0,546.0,546.0,976766
2025-01-14,545.0,563.0,545.0,560.0,272830
2025-01-15,566.0,580.0,566.0,570.0,276024
2025-01-16,585.0,611.0,580.0,598.0,413031
2025-01-17,585.0,585.0,570.0,584.0,340916
2025-01-20,585.0,585.0,565.0,576.0,376285
2025-01-21,577.0,609.0,577.0,609.0,645782
2025-01-22,612.0,629.0,612.0,629.0,709219
2025-02-03,567.0,576.0,567.0,567.0,1473967
2025-02-04,573.0,584.0,511.0,529.0,4105100
2025-02-05,538.0,546.0,518.0,537.0,2406046
2025-02-06,544.0,560.0,538.0,541.0,1887692
2025-02-07,550.0,570.0,542.0,556.0,2407779
2025-02-10,556.0,556.0,527.0,548.0,1925165
2025-02-11,574.0,602.0,566.0,602.0,5126129
2025-02-12,610.0,619.0,551.0,562.0,6221100
2025-02-13,557.0,574.0,554.0,567.0,2764256
2025-02-14,571.0,583.0,549.0,555.0,3786836
2025-02-17,560.0,566.0,528.0,536.0,3419052
2025-02-18,535.0,542.0,525.0,530.0,2498135
2025-02-19,530.0,541.0,522.0,536.0,1725311
2025-02-20,540.0,541.0,512.0,520.0,2985570
2025-02-21,520.0,541.0,513.0,534.0,1715052
2025-02-24,522.0,536.0,521.0,533.0,1013523
2025-02-25,525.0,529.0,514.0,514.0,1466156
2025-02-26,513.0,525.0,502.0,511.0,1193518
2025-02-27,517.0,522.0,481.5,489.0,3065704
2025-03-03,477.5,486.0,465.5,473.0,2014555
2025-03-04,463.0,493.0,455.0,483.0,3053055
2025-03-05,485.5,503.0,475.0,489.0,2831335
2025-03-06,493.5,499.5,485.0,496.0,1591509
2025-03-07,490.0,498.5,482.0,483.0,1542596
2025-03-10,480.0,483.0,456.0,473.5,3232012
2025-03-11,456.5,462.0,444.0,449.0,2454508
2025-03-12,457.0,486.0,457.0,476.5,2756213
2025-03-13,484.0,504.0,473.0,492.0,4466687
2025-03-14,505.0,505.0,482.5,489.5,2907030
2025-03-17,495.0,509.0,485.0,485.0,2732989
2025-03-18,492.0,495.0,478.0,485.5,1406627
2025-03-19,489.0,493.0,470.0,487.0,2185881
2025-03-20,491.0,498.5,483.5,483.5,2037934
2025-03-21,488.0,493.0,478.0,484.0,1307464
2025-03-24,492.0,500.0,460.0,460.0,1933829
2025-03-25,470.0,502.0,469.0,487.5,2458649
2025-03-26,491.0,508.0,482.0,484.5,1914107
2025-03-27,477.5,484.0,468.0,468.0,1104929
2025-03-28,463.0,472.0,441.5,444.0,1559929
2025-03-31,418.0,430.5,405.0,412.5,2407952
2025-04-01,425.0,425.0,402.0,406.5,2776614
2025-04-02,409.5,419.5,403.5,405.5,1850330
2025-04-07,365.0,365.0,365.0,365.0,39962
2025-04-08,328.5,328.5,328.5,328.5,318032
2025-04-09,296.0,296.0,296.0,296.0,173277
2025-04-10,322.0,325.5,320.0,325.5,1876716
2025-04-11,293.0,319.5,293.0,316.0,2521730
2025-04-14,323.0,344.0,317.0,321.0,4640269
2025-04-15,330.0,353.0,328.0,353.0,2524779
2025-04-16,354.5,364.5,343.0,343.0,5113148
2025-04-17,342.0,345.0,330.5,335.0,2402265
2025-04-18,339.0,349.0,330.0,344.0,3455601
2025-04-21,341.0,345.5,328.5,329.0,2986395
2025-04-22,324.0,354.0,323.0,328.5,6295883
2025-04-23,345.0,352.0,335.5,340.5,3696145
2025-04-24,343.5,344.5,331.5,337.5,2048583
2025-04-25,353.0,355.5,343.5,349.0,2940146
2025-04-28,354.0,368.0,353.0,354.5,2915654
2025-04-29,355.0,362.0,348.0,362.0,2405593
2025-04-30,363.0,365.5,354.5,355.0,2218814
2025-05-02,363.5,383.0,363.0,371.5,3146610
2025-05-05,377.0,377.0,334.5,338.0,3899090
2025-05-06,338.0,349.5,334.5,345.0,2158232
2025-05-07,348.0,367.5,335.0,359.5,4747052
2025-05-08,359.5,388.0,358.5,388.0,8534839
2025-05-09,390.0,426.5,384.5,426.5,11768573
2025-05-12,435.5,448.0,423.5,435.5,10519208
2025-05-13,444.0,452.0,430.5,433.0,5907798
2025-05-14,445.5,471.5,442.5,463.5,8378933
2025-05-15,463.0,471.0,457.5,467.5,4962331
2025-05-16,468.5,468.5,451.0,455.0,944283
2025-05-19,459.0,459.0,439.0,443.5,516640
2025-05-20,449.0,453.0,442.5,443.5,302390
2025-05-21,444.0,457.5,444.0,456.0,336622
2025-05-22,452.0,453.5,445.5,450.0,245673
2025-05-23,455.0,459.5,450.0,453.0,296893
2025-05-26,455.0,468.0,455.0,462.0,394974
2025-05-27,462.0,465.0,454.0,455.0,256199
2025-05-28,464.5,464.5,457.5,462.0,458258
2025-05-29,470.0,473.0,460.5,463.0,1115814
2025-06-02,451.0,453.0,417.0,418.5,3760946
2025-06-03,427.0,430.0,412.5,416.0,2487082
2025-06-04,420.0,445.5,420.0,439.0,3131987
2025-06-05,445.0,460.0,440.5,460.0,3439989
2025-06-06,454.0,495.0,454.0,480.5,7407806
2025-06-09,495.0,507.0,491.0,501.0,6724029
2025-06-10,492.0,500.0,480.5,490.5,3811723
2025-06-11,495.0,504.0,490.5,491.0,4202803
2025-06-12,491.0,499.0,487.0,488.5,2491289
2025-06-13,485.0,485.0,470.0,471.5,2479715
2025-06-16,473.5,504.0,473.5,490.0,5747577
2025-06-17,495.0,501.0,482.5,483.0,3316966
2025-06-18,480.0,488.0,478.0,478.0,1727789
2025-06-19,482.0,495.0,473.5,477.5,3583855
2025-06-20,474.0,475.0,453.0,454.5,3922898
2025-06-23,441.5,452.0,440.0,452.0,1699527
2025-06-24,462.0,474.5,456.0,462.0,2628299
2025-06-25,470.0,471.5,457.5,459.0,1451997
2025-06-26,460.5,493.0,460.5,481.0,4765356
2025-06-27,492.0,493.0,471.0,477.0,2874175
2025-06-30,478.0,480.5,462.5,464.0,1472267
2025-07-01,468.5,485.5,464.5,465.0,2495670
2025-07-02,465.0,468.0,461.5,467.5,972369
2025-07-03,473.0,476.0,460.5,462.5,1266480
2025-07-04,463.0,471.5,445.0,446.0,2241506
2025-07-07,446.5,454.0,429.0,444.5,2079937
2025-07-08,445.0,447.5,430.0,447.5,1256809
2025-07-09,446.5,467.5,444.0,449.0,2522182
2025-07-10,454.0,466.0,444.0,445.5,3244607
2025-07-11,458.5,462.0,439.0,443.0,3720903
2025-07-14,445.0,446.5,437.5,437.5,746154
2025-07-15,444.0,448.0,440.5,445.0,908144
2025-07-16,448.0,453.5,445.5,452.0,1184904
2025-07-17,450.0,450.0,441.5,448.0,1054351
2025-07-18,452.0,492.5,448.5,492.5,5401825
2025-07-21,509.0,541.0,508.0,541.0,12251366
2025-07-22,551.0,587.0,545.0,566.0,17578144
2025-07-23,581.0,585.0,562.0,562.0,6940856
2025-07-24,576.0,618.0,573.0,617.0,12195112
2025-07-25,614.0,614.0,600.0,602.0,1161919
2025-07-28,602.0,621.0,602.0,621.0,1323236
2025-07-29,620.0,620.0,590.0,595.0,1069540
2025-07-30,594.0,594.0,577.0,590.0,729514
2025-07-31,600.0,616.0,595.0,610.0,832585
2025-08-01,596.0,629.0,596.0,611.0,844551
2025-08-04,600.0,600.0,589.0,592.0,763445
2025-08-05,604.0,604.0,592.0,593.0,457259
2025-08-06,590.0,605.0,590.0,599.0,469152
2025-08-07,605.0,621.0,605.0,620.0,839645
2025-08-08,643.0,658.0,611.0,612.0,1876215
2025-08-11,597.0,648.0,597.0,648.0,1429902
2025-08-12,655.0,697.0,641.0,666.0,9115379
2025-08-13,685.0,707.0,657.0,688.0,6516242
2025-08-14,703.0,739.0,692.0,725.0,8400829
2025-08-15,730.0,797.0,730.0,797.0,8695858
2025-08-18,804.0,874.0,804.0,850.0,10320362
2025-08-19,855.0,873.0,813.0,820.0,8109341
2025-08-20,801.0,830.0,795.0,796.0,5339955
2025-08-21,819.0,845.0,795.0,811.0,6322216
2025-08-22,825.0,834.0,774.0,775.0,5152748
2025-08-25,817.0,852.0,812.0,852.0,4701333
2025-08-26,862.0,882.0,842.0,872.0,8548830
2025-08-27,889.0,925.0,880.0,881.0,7900466
2025-08-28,885.0,897.0,861.0,867.0,3626398
2025-08-29,900.0,943.0,893.0,924.0,7438107
2025-09-01,914.0,979.0,883.0,921.0,10962334
2025-09-02,944.0,997.0,928.0,979.0,10337012
2025-09-03,986.0,1000.0,953.0,989.0,7496780
2025-09-04,1000.0,1020.0,957.0,960.0,6775745
2025-09-05,985.0,1010.0,933.0,934.0,8363648
2025-09-08,960.0,975.0,935.0,946.0,4615942
2025-09-09,956.0,956.0,914.0,917.0,4065191
2025-09-10,928.0,931.0,897.0,912.0,3874672
2025-09-11,913.0,934.0,904.0,905.0,3963905
2025-09-12,917.0,926.0,893.0,901.0,3070622
2025-09-15,906.0,906.0,848.0,864.0,4780242
2025-09-16,872.0,884.0,851.0,854.0,2516005
2025-09-17,856.0,870.0,843.0,844.0,2493160
2025-09-18,848.0,848.0,808.0,815.0,4060686
2025-09-19,819.0,857.0,813.0,813.0,5620078
2025-09-22,820.0,843.0,817.0,840.0,3576955
2025-09-23,857.0,862.0,823.0,826.0,3419077
2025-09-24,830.0,833.0,811.0,828.0,1914440
2025-09-25,824.0,831.0,781.0,781.0,3469498
2025-09-26,780.0,786.0,753.0,765.0,2671846
2025-09-30,771.0,795.0,758.0,793.0,2084637
2025-10-01,797.0,808.0,791.0,800.0,2321383
2025-10-02,807.0,816.0,792.0,799.0,2064586
2025-10-03,800.0,841.0,794.0,829.0,2852957
2025-10-07,836.0,908.0,821.0,878.0,5359348
2025-10-08,870.0,928.0,868.0,909.0,7413810
2025-10-09,925.0,928.0,884.0,887.0,4485056
2025-10-13,840.0,899.0,840.0,885.0,3899625
2025-10-14,904.0,915.0,797.0,797.0,6712463
2025-10-15,805.0,814.0,775.0,778.0,4017074
2025-10-16,779.0,797.0,766.0,771.0,4447467
2025-10-17,766.0,807.0,761.0,793.0,3921414
2025-10-20,800.0,872.0,798.0,857.0,7307785
2025-10-21,872.0,872.0,834.0,834.0,4815339
2025-10-22,830.0,841.0,807.0,809.0,3683247
2025-10-23,800.0,814.0,792.0,794.0,2238690
2025-10-27,815.0,873.0,815.0,873.0,6131707
2025-10-28,880.0,958.0,879.0,946.0,13492057
2025-10-29,987.0,994.0,964.0,981.0,8701519
2025-10-30,995.0,1005.0,920.0,943.0,8261327
2025-10-31,952.0,979.0,937.0,939.0,4335525
2025-11-03,946.0,960.0,932.0,953.0,3059519
2025-11-04,954.0,956.0,890.0,890.0,3695167
2025-11-05,865.0,890.0,857.0,881.0,3143403
2025-11-06,906.0,923.0,891.0,902.0,3825847
2025-11-07,898.0,915.0,888.0,888.0,3273943
2025-11-10,896.0,963.0,882.0,934.0,5482693
2025-11-11,945.0,959.0,903.0,913.0,6049054
2025-11-12,923.0,962.0,920.0,947.0,6168941
2025-11-13,950.0,1040.0,940.0,1040.0,9886559
2025-11-14,1010.0,1045.0,976.0,995.0,7225947
2025-11-17,1020.0,1090.0,991.0,1090.0,7179162
2025-11-18,1080.0,1085.0,1005.0,1030.0,6294673
2025-11-19,1035.0,1055.0,997.0,1005.0,4322377
2025-11-20,1070.0,1105.0,1065.0,1105.0,4130237
2025-11-21,1055.0,1145.0,1050.0,1120.0,7972476
2025-11-24,1180.0,1230.0,1150.0,1230.0,4878243
2025-11-25,1260.0,1345.0,1230.0,1310.0,8906711
2025-11-26,1315.0,1360.0,1295.0,1315.0,5525268
2025-11-27,1345.0,1365.0,1255.0,1255.0,5636788
2025-11-28,1245.0,1250.0,1185.0,1190.0,5129114
2025-12-01,1200.0,1215.0,1175.0,1180.0,992219
2025-12-02,1200.0,1240.0,1200.0,1230.0,1177669
2025-12-03,1245.0,1300.0,1245.0,1250.0,1006920
2025-12-04,1265.0,1265.0,1200.0,1200.0,784457
2025-12-05,1210.0,1230.0,1185.0,1185.0,695673
2025-12-08,1200.0,1225.0,1175.0,1200.0,558195
2025-12-09,1205.0,1240.0,1185.0,1200.0,652909
2025-12-10,1225.0,1250.0,1210.0,1250.0,818172
2025-12-11,1225.0,1310.0,1225.0,1260.0,1257837
2025-12-12,1285.0,1340.0,1260.0,1340.0,1033561
2025-12-15,1310.0,1430.0,1305.0,1410.0,1308075
2025-12-16,1435.0,1435.0,1270.0,1335.0,1680177
2025-12-17,1350.0,1385.0,1215.0,1215.0,5029355
2025-12-18,1205.0,1230.0,1105.0,1110.0,4922663
2025-12-19,1190.0,1220.0,1135.0,1155.0,5431841
2025-12-22,1175.0,1210.0,1175.0,1185.0,2324194
2025-12-23,1205.0,1240.0,1180.0,1205.0,3340694
2025-12-24,1220.0,1315.0,1210.0,1295.0,4928389
2025-12-26,1320.0,1340.0,1290.0,1315.0,3183791
2025-12-29,1320.0,1325.0,1275.0,1280.0,1924252
2025-12-30,1275.0,1395.0,1275.0,1375.0,4710643
2025-12-31,1380.0,1440.0,1345.0,1360.0,4821280
2026-01-02,1385.0,1420.0,1365.0,1380.0,2958883
2026-01-05,1390.0,1395.0,1320.0,1325.0,3013972
2026-01-06,1330.0,1345.0,1265.0,1300.0,3431600
2026-01-07,1325.0,1350.0,1295.0,1295.0,2550639
2026-01-08,1300.0,1380.0,1285.0,1330.0,3421140
2026-01-09,1335.0,1405.0,1300.0,1400.0,3972875
2026-01-12,1390.0,1450.0,1355.0,1415.0,5647614
2026-01-13,1445.0,1455.0,1330.0,1340.0,4525565
2026-01-14,1370.0,1400.0,1320.0,1360.0,3850755
2026-01-15,1355.0,1370.0,1300.0,1320.0,2437570
2026-01-16,1330.0,1355.0,1240.0,1255.0,3743369
2026-01-19,1255.0,1260.0,1200.0,1235.0,2135364
2026-01-20,1235.0,1310.0,1235.0,1270.0,3660686
2026-01-21,1270.0,1355.0,1250.0,1250.0,4650390
2026-01-22,1290.0,1310.0,1270.0,1295.0,2466833
2026-01-23,1325.0,1370.0,1290.0,1355.0,4939200
2026-01-26,1365.0,1375.0,1295.0,1300.0,3290708
2026-01-27,1430.0,1430.0,1430.0,1430.0,2233235
2026-01-28,1570.0,1570.0,1570.0,1570.0,1578363
2026-01-29,1630.0,1725.0,1620.0,1725.0,5913567
2026-01-30,1755.0,1845.0,1705.0,1785.0,8150386
2026-02-02,1745.0,1770.0,1680.0,1710.0,4004910
2026-02-03,1770.0,1860.0,1710.0,1830.0,5927853
2026-02-04,1830.0,1860.0,1780.0,1860.0,1146027
2026-02-05,1850.0,1850.0,1750.0,1755.0,1143362
2026-02-06,1660.0,1710.0,1595.0,1695.0,1159859
2026-02-09,1800.0,1860.0,1755.0,1850.0,1047568
2026-02-10,1900.0,2000.0,1880.0,1985.0,1317996
2026-02-11,1930.0,2000.0,1900.0,1950.0,1008874
2026-02-23,1990.0,2085.0,1990.0,2035.0,984095
2026-02-24,2060.0,2090.0,1985.0,2030.0,918090
2026-02-25,2010.0,2080.0,1980.0,2080.0,985314
2026-02-26,2105.0,2260.0,2065.0,2145.0,1361099
2026-03-02,2030.0,2355.0,2030.0,2355.0,3957769
2026-03-03,2430.0,2540.0,2300.0,2330.0,5486550
2026-03-04,2235.0,2270.0,2100.0,2100.0,3961161
2026-03-05,2220.0,2220.0,1960.0,1985.0,6795417
2026-03-06,1940.0,2075.0,1895.0,1895.0,5169235
2026-03-09,1710.0,1710.0,1710.0,1710.0,221609
2026-03-10,1770.0,1770.0,1615.0,1705.0,1309374
2026-03-11,1735.0,1840.0,1735.0,1810.0,932849
2026-03-12,1780.0,1795.0,1685.0,1690.0,1042305
2026-03-13,1625.0,1695.0,1625.0,1690.0,680062
2026-03-16,1710.0,1800.0,1700.0,1735.0,696883
2026-03-17,1740.0,1755.0,1680.0,1685.0,822930
2026-03-18,1725.0,1850.0,1725.0,1850.0,593006
2026-03-19,1850.0,1940.0,1850.0,1930.0,518469
2026-03-20,2005.0,2045.0,2005.0,2045.0,804032
2026-03-23,1905.0,2020.0,1850.0,1850.0,3092950
2026-03-24,1960.0,2030.0,1855.0,1935.0,3749691
2026-03-25,2085.0,2125.0,2060.0,2125.0,2312781
2026-03-26,2085.0,2270.0,2070.0,2080.0,4949952
2026-03-27,1990.0,2175.0,1970.0,2115.0,2494783
2026-03-30,2070.0,2135.0,1980.0,2110.0,2405111
2026-03-31,2025.0,2045.0,1900.0,1900.0,2987049
2026-04-01,2030.0,2090.0,2005.0,2030.0,2569243
2026-04-02,2095.0,2180.0,1985.0,2000.0,3799843
2026-04-07,2075.0,2160.0,2045.0,2095.0,2764302
2026-04-08,2235.0,2255.0,2125.0,2165.0,3062535
2026-04-09,2180.0,2245.0,2110.0,2115.0,2783300
2026-04-10,2170.0,2325.0,2120.0,2325.0,3476051
2026-04-13,2380.0,2400.0,2170.0,2230.0,4703895
2026-04-14,2260.0,2275.0,2050.0,2075.0,4265620
2026-04-15,2160.0,2220.0,2080.0,2090.0,4826472
2026-04-16,2115.0,2140.0,2030.0,2075.0,2824413
2026-04-17,2110.0,2215.0,2110.0,2155.0,4883688
2026-04-20,2210.0,2370.0,2190.0,2370.0,4615399
2026-04-21,2405.0,2460.0,2240.0,2340.0,5606423
2026-04-22,2320.0,2320.0,2225.0,2240.0,1104717
2026-04-23,2295.0,2310.0,2020.0,2020.0,2223812
2026-04-24,2020.0,2050.0,1820.0,1880.0,2252058
2026-04-27,1940.0,1940.0,1700.0,1775.0,2688230
2026-04-28,1835.0,1930.0,1835.0,1905.0,1632721
2026-04-29,1870.0,2015.0,1870.0,2005.0,1379743
2026-04-30,2050.0,2115.0,2050.0,2110.0,1415842
2026-05-04,2220.0,2220.0,2060.0,2085.0,1221680
2026-05-05,2115.0,2115.0,2020.0,2060.0,909535
2026-05-06,2070.0,2070.0,1860.0,2060.0,1611505
2026-05-07,2075.0,2125.0,1950.0,2095.0,2671256
2026-05-08,2050.0,2065.0,1965.0,1965.0,2513797
2026-05-11,1935.0,1990.0,1870.0,1950.0,3829499
2026-05-12,2050.0,2120.0,1905.0,1905.0,3778848
2026-05-13,1870.0,1930.0,1725.0,1805.0,4460785
